EngineID,Cycle,predicted_T4_K,predicted_P2_Pa,predicted_T2_K,predicted_P3_Pa,predicted_T3_K,predicted_RPM_rev_min,predicted_FuelFlow_kg_s,predicted_Thrust_N,predicted_TSFC_g_N_s,residual_T4_K,residual_P2_Pa,residual_T2_K,residual_P3_Pa,residual_T3_K,residual_RPM_rev_min,residual_FuelFlow_kg_s,residual_Thrust_N,residual_TSFC_g_N_s
1,1,573.9234797687677,76556.56188443436,279.8820348529397,146075.58201201182,242.68049918192023,1007.056312144608,0.01508681014912015,1372.2993244284835,0.01099381882695548,363.16341861515025,-328.24848252719676,22.488170280818622,-71108.89873714438,748.2439291942768,36684.67963608079,0.28664939283328283,19854.836785035965,0.0033534063631147203
1,2,923.445264965069,372999.77956166025,505.76875323581316,2399841.4956961814,261.62425828918833,1020.5636038055816,0.028235645379549278,1770.3489456468014,0.01594919772679804,-128.07574828124564,738.1341283156653,-43.32936252710306,-2049437.304495599,747.0423940758852,68030.37016487002,0.5364772622114363,38030.07343797491,-0.00189374870434624
1,3,1056.286025975378,114294.4219590624,372.4836310669328,601976.6545251067,219.44252584185207,1011.7145994368253,0.03745149011793235,1866.1757967269,0.02006857563130912,-14.049848774219527,3711.284105796003,-9.381141554216185,-492230.04290242813,969.8114491462104,61795.90143521673,0.7115783122407147,45948.68800893411,-0.00415135081071202
1,4,1972.6531838222934,185930.7117451708,451.3415133261258,1254588.1029200377,232.15725697731312,1003.3696699648846,0.07900635205585402,2613.823740765926,0.03022635031721874,-476.0434144788353,2083.618418348313,-30.581647858535973,-1073561.7887165153,1479.5310698697194,78258.78994888194,1.5011206890612263,81583.75014776776,-0.01134171372615754
1,5,726.3986193951245,210796.44535795308,435.56961248265344,1203226.3955860026,239.93901467439295,1040.0833924634733,0.02057237695406989,1812.2814637161296,0.011351645627873774,94.55930164686004,1742.0685866634303,-23.704998041308954,-1003382.7755332997,748.4355417683021,53474.619459435555,0.3908751621273279,24320.007057427643,0.004539409698296526
1,6,982.1320530582286,415573.2924730661,501.18801721061476,2486769.2439409047,271.35187540520303,1018.4278161123269,0.030688050160069598,1798.0391643246612,0.017067509300664176,-120.31083039607813,4568.858933390351,-25.11806051567345,-2094253.4545628838,820.3389257441353,66846.26287752598,0.5830729530413223,39897.624451575335,-0.0023936404897213753
1,7,563.325531261534,459535.4763855019,591.6422875437524,3891073.841438387,256.18562381523884,1036.8742581920105,0.010608046627572169,1580.9035144715479,0.006710116417900523,-119.45102330162985,-5627.822591830802,-98.37353231416023,-3464844.27984919,449.1134399873355,72165.05939073398,0.20155288592387122,16750.78916822733,0.004882584738207578
1,8,1651.404295911967,80045.00855467259,275.5911174984862,98247.54863347411,270.2857242057889,1012.8180745853277,0.06458740298239705,2419.9288055012184,0.026689794689649823,2681.0852814033424,-347.0859445720416,7.186959300611193,-22211.963354232605,3995.565256925861,30740.023094927954,1.2271606566655442,38413.48880423111,0.005078689975582574
1,9,1717.7549788769911,156734.56488706058,387.7902762266849,766657.7522236926,237.3841753923346,1016.5566041220095,0.0676031332748742,2517.62870671758,0.026851907548755848,-11.308413752678916,463.30200180839165,0.462375197946983,-616364.189069253,1632.028880654907,61124.49973429143,1.28445953222261,60459.38161349346,-0.005568688917790547
1,10,1171.1081298113954,154391.42132247158,336.5837593601049,421850.72289423813,261.6093158966417,1042.2700600855203,0.04172930853227497,2257.286771500703,0.018486489647273414,1038.2977157080936,599.1561555333319,17.02585141770618,-276257.5698010314,2061.0156583241605,36085.250866513175,0.7928568621132244,29222.96781937101,0.007368429331891187
1,11,1756.5133150604395,193597.50619130812,495.7988759818528,1581684.3659737934,223.97341130504367,1040.088025710947,0.06868104251230862,2774.501107355644,0.024754375599355234,-205.62742083604348,-2126.1618010762613,-71.2562233745794,-1402469.3040175945,1492.2671445834471,68315.68146861349,1.3049398077338639,59076.70219818638,-0.0028363385907487354
1,12,660.3528411128901,138860.77091973106,392.8273803831381,732897.1138652914,223.9499127358495,1029.4783852350638,0.018529879055499503,1665.3814334606286,0.01112650752746462,6.977799213230014,-1902.902005626791,-10.908318346911926,-608031.3685538813,598.4823941041651,57739.184621806526,0.35206770205449056,25102.156349443452,0.002644448362471281
1,13,2323.5421138834995,229980.72781732236,353.56841946247664,544598.6316644795,294.3254790751472,1029.1537739505134,0.0943174653208853,3177.887045922839,0.029679300729675895,2164.24267319243,1778.1618429129303,25.97530495004196,-320791.6755099265,4205.456134050037,38029.51132665244,1.7920318410968206,53083.38894301904,0.003964185283817208
1,14,852.5115952784237,686476.7910905861,617.3134169139332,5415190.729242211,282.49147170895185,1027.6824323439064,0.02291999891032935,1735.2243016456496,0.013208666388888466,-220.43176813717162,7793.227288124035,-65.52713332758287,-4759560.451390935,637.6947060800411,78093.79144386812,0.43547997929625765,32003.979093252005,0.00019269410363933516
1,15,1859.0347512309381,298761.2873377899,479.64254974689084,1871043.622798948,255.19461042050597,1035.9549280391625,0.07255067568676744,2810.562794126973,0.025813575785736318,-16.916789280248167,-4310.656600168266,-24.40606012136226,-1596209.5172394083,1800.55438077933,61513.80974719726,1.3784628380485813,58803.38265705879,-0.0020601808627741178
1,16,791.4922442716623,402650.7573327787,445.5043447910474,1667759.777908518,287.08220339975003,1037.0408181077494,0.02183059010194725,1807.019983116438,0.01208098986503602,168.42041964290922,-4960.920038107724,13.871555280156656,-1294979.8344165604,842.484099030204,47545.97374452621,0.41478121193699774,22858.555774198612,0.00529987028562348
1,17,531.3573982104888,100338.56654243491,289.23894020033,147285.50994188135,268.1406235568268,1019.9177983274574,0.012083560131961305,1440.8491859138005,0.008386415629126233,424.3569237338264,-498.6096921467106,18.027872248357824,-52971.322189075654,718.4291650883256,32956.79903652013,0.2295876425072648,14439.437025890304,0.007081273987528166
1,18,557.9503112234452,365320.72266730736,465.95413693000285,1877352.3528244002,269.81547515512796,1016.1687066865256,0.011283540406400824,1387.3578749932724,0.008133114468720294,-97.13566397213339,-3633.0727970178705,5.133640760649428,-1521344.8415359398,435.6847004508014,66436.55366597003,0.21438726772161565,20707.34285494136,0.0020914313305125058
1,19,1794.827925049602,233919.67012016816,455.12577902558496,1430682.2539329024,245.3869076971378,1022.6480254765936,0.07016961656214366,2629.8725860088093,0.026681755205728665,-352.35334937279845,-69.50945747332298,3.1643708486823243,-1205614.2456534442,1430.3539877975606,71110.9664589647,1.3332227146807294,64820.716844775925,-0.006138590963465064
1,20,627.368188260723,29422.59823709168,227.9726190946838,36935.903202699104,219.33046422509747,1008.8197463928287,0.01900222836860723,1468.242031300432,0.012942163460459464,653.7450801269019,-278.76185424524374,11.377566503776507,-9411.068612783267,1077.9022958516716,32355.11992782681,0.3610423390035374,19785.58802410615,0.005002856401141736
1,21,2454.5841597701747,523079.2793888362,544.838090744898,3521151.037743592,282.8802252659777,1033.5715237905592,0.09870970074842053,3309.9092528740043,0.02982247947212166,-349.8148376720069,4759.199581495894,-12.008439410754363,-3017589.469523046,2094.3046406515164,69854.31970903803,1.8754843142199902,74560.54657244553,-0.0043582744076321595
1,22,2169.884366620179,23168.180302067205,217.67402829276088,22913.56234842101,226.1873883601841,1017.4603866100799,0.09107564990995023,2996.1168642998036,0.030397896355499717,4032.1745138935303,177.00599310682446,-5.463847010286628,-830.7952137982174,6007.3416754434575,29250.760032326496,1.7304373482890545,44991.913226282195,0.0077301025246576845
1,23,1194.8198682368284,258047.77353289098,456.9054969634784,1543386.5935746857,248.74452930580603,1020.0037703634664,0.04194517443798826,2038.9411923944288,0.020572037386095466,-254.7030282951356,1149.9019307623967,3.5137703817422903,-1301575.7350090067,939.0655809137272,73573.1526423886,0.7969583143217769,48457.17284493232,-0.004102512187008165
1,24,474.6413238047725,74777.14141541699,303.3152566734499,241182.07347405684,218.63955082336318,1005.0026808800305,0.01103162345896782,1270.6592779796617,0.00868181081281523,7.1268734062378485,85.02129314829654,32.383281875194825,-169267.4960731262,403.7194468194501,53760.832938849206,0.20960084572038856,20847.377025689657,0.0012845604126801701
1,25,2353.17990796808,66479.57656237009,300.73700530620465,240466.96679336147,218.28935369753103,1003.3275904932116,0.09900314163473448,3013.3387376268056,0.032854965954709,95.34661757643289,2689.8103527098865,40.77271757530349,-175638.8148106657,2435.530200502909,57035.66163161823,1.881059691059955,73422.90153007247,-0.0074122628952259
1,26,2389.9767001467544,85635.7875890874,280.39152177409454,122619.85990771072,269.3355758926966,1026.3121263934206,0.09913816220008062,3245.884507935818,0.030542726322424316,3019.5367481105986,350.86805336484395,13.386474453458277,-41560.28197966558,5207.575871152032,32986.13323076808,1.8836250818015317,49066.09946886834,0.006808383409247984
1,27,2172.026304273188,464558.8930184514,577.9010763653133,3715062.577077473,266.13900247358094,1043.4494578850956,0.08570793877858038,3148.6533544225645,0.027220506397821132,-412.7802132242846,-3810.016933978768,-37.41010926972035,-3285238.422416819,1739.72799952703,71156.01425664223,1.6284508367930273,65577.81322983497,-0.0023539338324347313
1,28,694.2930289648134,107409.73521279007,320.29033407275006,332775.02604455,237.44410285505268,1028.1005207164478,0.020453371588537418,1690.0726389352271,0.012102066572371332,155.78904247068112,1764.9679013041314,37.71320167291964,-231160.51256450178,731.4715651841893,46920.75080558597,0.38861406018221095,23257.35605903888,0.004108167791067166
1,29,1141.0942993552599,63404.88606739336,264.61523173607696,53825.58886336741,275.1611327283325,1006.1810338891744,0.04065082301371788,1874.826799166101,0.02168244182971933,1791.6764901419083,-272.3545373424713,-7.336857753642903,7035.226422327891,2621.649631307786,29751.800134434816,0.7723656372606397,28467.38118169626,0.00570704829492957
1,30,1494.1141961847948,414272.7981652834,501.9854579475565,2487703.34421571,272.56615778214126,1020.5122255170106,0.054600608798116165,2297.13443113243,0.023769008926133862,-432.1080114916879,530.7440711726667,23.343032359791437,-2088524.9437552562,1093.7040642362444,77546.11306794344,1.0374115671642072,56879.07030263413,-0.0054049963289036634
2,1,1388.1932323961705,134989.85569014103,309.7872216202629,232504.83536657007,278.7952330814012,1003.9677066881216,0.05158022477370542,2071.2815623553242,0.02490256549913562,1453.8357481518296,-68.09109691320919,16.558578332187494,-103396.92228045703,2658.8460128315455,34901.76402309603,0.980024270700403,38147.78730438743,0.0006923030909255813
2,2,1242.2519835214905,306663.19931629446,455.22224111628293,1637770.9283774868,262.7538009483713,1021.7763850044021,0.04368590886223648,2091.482027288751,0.020887537302372996,-13.250129356202024,2357.941535983875,-19.707229843558252,-1348546.9219936093,1173.437063425476,60828.677500478814,0.8300322683824931,45581.76309328591,-0.0027632298624188957
2,3,1141.7147334073936,233585.82618773848,355.4175123824803,562596.3645221286,289.9200861664334,1014.5574529556272,0.039134771810012584,1928.269965756524,0.020295276338372425,741.4200486148907,3511.077444010036,24.88984716940456,-343034.8154790686,1711.18048747306,39573.53798663295,0.743560664390239,34357.54783062339,0.0014624042615397764
2,4,2363.513896921495,137589.97722777375,349.7303852587633,502413.6323073611,246.50109010957812,1025.7573231010633,0.09793286725220522,3216.2305760547374,0.030449579075992994,1010.7599486987197,-1798.0640944936022,7.393139840580318,-373125.152133041,3278.0137853786496,46637.48249893962,1.8607244777918992,63506.53449182951,-0.0008385843005630951
2,5,994.5243003351624,172213.58179537475,489.96793806159394,1473116.2065867963,215.1993128472053,1038.7574524334052,0.0333917111700292,2055.4087477346366,0.016245776518578985,-151.68224069403755,1974.0221605522966,-68.96943544599509,-1307805.6233228245,808.2760828545939,69223.4291952875,0.6344425122305548,38647.50537200173,7.308180018731486e-05
2,6,1635.7981641613326,280812.02425257897,389.45956635009685,919014.1722023914,284.50730538636543,1027.3115209881319,0.062071817831102404,2514.551566503366,0.02468504470457807,898.4903336969812,94.8825648528873,15.518614707588938,-652603.3427264229,2308.146247372427,43213.06873982276,1.1793645387909457,45280.644011535755,0.0013893082400789313
2,7,2287.449910996724,161710.027266143,351.5173028608474,529554.1456427651,259.3336717824254,1018.4768733290557,0.09389590749651178,3062.6868832207924,0.030658017315099696,955.6040917886321,-77.26053218753077,16.73278515711513,-377265.87137267017,3107.7609514818423,46701.9542889575,1.7840222424337238,62055.051181828734,-0.0018923919216793962
2,8,2159.8705615145686,124940.46759508936,338.2314697031283,438809.74437361455,243.5377090138635,1023.4899178379867,0.0886353842883019,3007.606864145905,0.029470402313858404,815.0165483181386,-461.3997747490648,23.117597108248333,-320189.86946270097,2914.173001742304,46469.59120750424,1.684072301477736,59721.21633454075,-0.0011108558924481059
2,9,2300.007045926927,46698.64476196455,256.10287898490566,91721.11337618675,226.2455087836891,1028.2513541307735,0.09673262349255503,3217.1660111588344,0.03006765058347474,2590.4422123170857,-810.0094854224444,16.007313908663832,-48405.94027207171,4709.796244811178,34930.06070128928,1.8379198463585456,50861.227041544975,0.004913008339963259
2,10,2261.8151072453365,612240.4199398293,551.6612544052607,3844830.3452921286,293.15773240300695,1025.5796388751241,0.08924436105419345,3040.6836098351105,0.029350097710110976,-224.11061249848785,-5855.007749876473,-35.679156969636665,-3268120.327625555,1988.9469278900735,66946.02184535773,1.6956428600296753,71464.46080023538,-0.005483582716405377
2,11,2225.6047799266457,148715.30246020682,321.6482726995663,313943.4477934375,276.44811819987535,1015.6726844257082,0.09072779557418295,2971.2827557407413,0.030534891167422567,1975.4184623961714,-616.4391645120922,22.1908470487989,-176458.16486644742,4026.2813134410208,38118.91886542248,1.7238281159094762,54121.210138892115,0.001609632873373932
2,12,1661.8940500889355,133793.8155008515,356.6753668521901,549639.8649641817,238.1347722448671,1006.8467113523905,0.06531124953839687,2374.6921042918425,0.027503038992026867,35.90765896017001,1091.3340227759618,26.493919651453098,-419498.8550865475,1646.2519370554546,57823.958438412395,1.2409137412295406,59065.60105918928,-0.006473076129526568
2,13,1161.625052188212,192113.0116665612,389.2285276888317,816932.3258475802,249.82167597072444,1041.7389359739632,0.04111335572950486,2239.65647432973,0.018356991887253152,422.57937360428195,-3247.280057854776,10.129481272093756,-632962.7790655801,1467.9863482034536,46217.42129123886,0.7811537588605924,34274.0555031131,0.004223998068590647
2,14,2371.36426294971,235411.56443591756,357.5880721986473,557539.7928262961,295.385410723686,1029.6939819497022,0.09647304874892496,3226.4007944755203,0.029901135938880614,2019.2581536647513,131.3585164428223,24.787950695088227,-335497.50719777367,4183.029442237714,37874.81373406319,1.8329879262295743,53138.23051889545,0.004338892363889388
2,15,1371.3776139524925,217430.57997459994,420.65663775562166,1065393.9961498422,249.0069450232972,1002.9730260960633,0.050607318043130387,2041.876621823241,0.02478470907705574,-185.12693477799326,-7254.478245379665,3.3183281414147245,-865125.3516831708,1163.1825710819323,67655.56374626538,0.9615390428194774,57262.36465091613,-0.0076540641055730385
2,16,1804.2118391079102,210191.19914068078,343.20237814212294,456358.25033475144,292.0497509504233,1010.0131884810867,0.07020620940046243,2504.256072820115,0.028034756573995723,1174.5157949666068,1473.1361894921283,34.640367539763645,-257417.35668915903,2808.7090062597345,40493.794545575176,1.3339179786087862,48482.220370087045,-0.0003919964382583241
2,17,653.259442044958,93732.41898947948,285.37698373773776,133825.63321956643,266.7773405108491,1040.0827928033511,0.0178813980134645,1758.4558883028014,0.01016880669706363,814.8006739027157,-123.85556778694445,3.032557934941849,-45660.79579607061,1175.9046870634804,29529.90582847307,0.3397465622558255,14656.280259700003,0.011392024518679269
2,18,2308.26850180815,112953.02676178586,313.95600301305376,296445.62458390807,253.38013252555868,1019.6648604269353,0.09550412658517098,3106.7311359727732,0.03074103371203602,1176.7994371627392,912.4267033701763,32.26411164943255,-187544.51015478195,3258.4814610402345,43729.16629679924,1.8145784051182485,59017.32327848257,-4.091327546482115e-05
2,19,1574.307498016031,720021.5807794919,651.3294163304811,6193760.891910174,282.1303818042114,1037.425648872515,0.056336329710050315,2500.983082926156,0.022525674041799865,-420.30523651507383,-7510.532743547228,-68.32163137770158,-5522055.264470969,1206.6743250329064,78344.39252541316,1.070390264490956,53585.70184730896,-0.0020886963603659638
2,20,1262.199785191797,360948.4643234984,448.1391832022814,1645378.35521136,278.29148116881873,1041.153905609422,0.04414645457474946,2294.4681475892085,0.019240386762890572,265.01620639391103,-2956.9531608684338,9.679903108491544,-1306353.0613953737,1398.1939415129705,49944.940457663906,0.8387826369202398,36339.22149897347,0.0037874254649339287
2,21,2301.2260730920266,200374.64973409212,402.2224546488643,943379.0572664699,252.22300333498842,1021.4972792289047,0.094224077955519,3099.4543513994277,0.03040021477102126,-105.93423525304206,-657.625676333555,20.98956540598914,-755869.2684717755,2161.395180329734,62970.83724187876,1.790257481154861,70746.34066322546,-0.0048565324203743605
2,22,1897.867113199095,480202.2342497271,540.7847610954993,3270113.4762269612,275.11532696369966,1036.5702149861893,0.07297281043080713,2825.158358478036,0.025829635429753008,-336.1677985950696,-712.9832533017034,-17.667801266371157,-2813677.9208941106,1572.1521655634933,68908.18290281059,1.3864833981853353,58919.42693079105,-0.002338447647979209
2,23,1424.1522827636938,101845.67317515094,316.1883120684334,302204.1204863568,238.7101689353012,1038.2534870036245,0.054617457380473744,2474.8840176457193,0.022068693721021177,742.8801277398936,-1091.3147650456522,29.236869700027057,-206422.48802639754,2043.5185685318866,41215.51216641745,1.037731690229001,37717.343228230675,0.004826181448370024
2,24,746.5469638142637,226276.97960078248,353.7365807906249,528061.1725259145,287.0366188311853,1026.7679152706382,0.020759331310279575,1682.865778911974,0.012335702330165118,312.83672474635375,-2016.7863654393295,34.86509555334749,-315885.80388245964,855.8587278310517,40434.897670091406,0.3944272948953119,21191.736594377664,0.0058950143220311835
2,25,567.052135179085,344226.4109151467,447.87169658705056,1670285.7268215974,270.98751348629474,1001.1038848446683,0.011871017494317956,1248.459198333042,0.00950853460823412,-164.219501859913,4844.313011617924,53.444236447665276,-1331922.9918475356,418.5483499817505,73348.74169588824,0.22554933239204114,22824.509740745387,0.0003899095817502807
2,26,937.9871996877937,135210.33569087772,319.18704516079697,303470.6759896464,263.14343737768473,1012.9408916352446,0.03095830820268498,1748.575080406146,0.017704877845733803,315.96535127477,-1397.190330918791,41.83565428359151,-177713.21576085794,1113.2153167692288,44023.02917088958,0.5882078558510146,30680.15288648957,0.0014292045186208961
2,27,803.0818475154589,81254.6999968587,285.09913115714727,168422.0578414505,243.0968323685051,1023.0069059798896,0.025739770803111767,1744.8644758611306,0.014751730669746485,353.287155865234,664.0514137521532,36.90715049822944,-90379.40716076404,1030.55182786292,40805.476178963545,0.4890556452591236,24918.84459887859,0.004666065112476914
2,28,2190.9112947089216,56310.49852763537,258.58404340345203,78236.93548490941,249.80891656038796,1026.0532767789744,0.09075998631839535,3075.7324941576508,0.029508413521264872,2525.096968228514,-10.370235722679354,11.095618522361349,-25396.043684749682,4371.323923290679,33662.132267208,1.7244397400495115,45893.90066917859,0.0068289947415143305
2,29,682.0399225014434,352638.9036509462,429.0082418882707,1371626.4754209134,283.2860141388284,1009.9671185408693,0.017027737020349595,1440.2259258156846,0.011822962436053765,-132.14620634663265,-1895.2381353857927,65.35504574275427,-1038744.2025054847,528.2306568767274,62995.95170096588,0.3235270033866423,24702.590812040635,0.0010691275962529355
2,30,2097.3373027194325,145414.15095592997,407.444613045299,844598.3206700778,228.76346675918998,1039.2564167822713,0.08545639210127207,3101.6920098481555,0.02755154020126441,-273.3326135497325,2078.464145276026,19.255496882083435,-705640.2996974348,1810.5223867362877,64324.229641712904,1.6236714499241693,62002.76463415737,-0.0013379124555248124
3,1,1668.6226000078384,63630.24904312917,293.73726008247684,207277.76159120354,216.78660976615453,1028.4619779989357,0.06709267151122292,2626.473210213816,0.02554477664204351,1073.450249892113,602.3933532090014,5.9614918743716885,-146879.83154466155,2633.8467236767146,42077.365462045775,1.2747607587132355,47080.96483681799,0.0014373072929659905
3,2,1131.0705172493847,150220.1106333914,377.2046554725388,673620.0108934859,236.49308945889385,1003.0327137735155,0.04029239149724846,1836.1749676801246,0.021943655809748355,72.0207131552254,-1316.8735282432463,2.1588840824699105,-535578.7609609065,1118.6563242220182,58066.76286156445,0.7655554384477208,47974.68703308891,-0.005429396279314654
3,3,620.0916078801181,83786.65205707602,303.931321079118,248536.02800098376,227.30672315947882,1031.4202478755587,0.01752457317075107,1664.6939421706088,0.010527204266689785,315.79999854758853,-339.8066593743424,20.284042213801285,-167555.89155022835,795.209406784026,39983.54733245918,0.33296689024427034,19757.685522563763,0.005730834793904115
3,4,2216.6878805208885,387446.8124091655,436.033265704663,1545665.6392897288,293.2822549173298,1029.3207660297398,0.088426576624911,3061.739192795618,0.02888115905919809,856.7110459485721,-856.0193815669627,9.270943109023278,-1183538.2156541704,2926.6773209830317,47568.35670654906,1.680104955873309,58548.66367772136,-0.00038199710108689083
3,5,1803.3809357972486,83420.12018293935,281.58598425557125,141501.37498621887,257.01657649869173,1005.2705253078994,0.07210577145838354,2494.8206822466655,0.028902186025430092,1963.4645400543882,-486.21667463965423,20.772795490131728,-62430.540018965185,3588.339928865529,34965.50307481727,1.3700096577092873,46095.76166271747,0.0006100660984790091
3,6,1823.5960064750698,162358.17519542953,353.0578412385659,538928.841249895,256.82819928223756,1027.065574621482,0.07225578979232884,2715.7715420613968,0.026605989742967608,1005.8025814949347,-748.3575743958063,12.694273362239699,-388213.8695331926,2735.683565608535,43497.36478916483,1.372860006054248,50151.15000110176,0.0008396672515129933
3,7,1240.702224726767,84272.66562978094,279.4660828286361,119220.40266419818,264.6695906059671,1001.4862012854759,0.04551963471200896,1925.2547070949379,0.023643435096800572,1566.0453405998503,549.4408373471815,10.930087049799681,-37404.70069645293,2568.843153043243,32843.72534238301,0.8648730595281703,34108.44713974005,0.001734526375209329
3,8,648.4738565282947,164225.36781211093,417.4313144065777,976705.7983585567,227.08426553763778,1015.347827253618,0.01758595297051635,1505.1973319465067,0.011683486674650403,-111.56794460517222,2198.5864494836133,-12.07123617864113,-819653.6506568018,496.41198194221965,69867.8656207612,0.33413310643981065,29563.070657109307,-0.0006044421777488037
3,9,955.5456769774701,284236.5154946468,465.63416106974637,1694587.7539174976,252.12213482368773,1025.0618700883274,0.03052708555770119,1861.1604120372967,0.01640217864095072,-74.98273902581388,-815.4381958647282,-15.433884038673057,-1432799.6103966695,810.1959643451169,65294.85453306302,0.5800146255963226,37561.77060840928,-0.0008980413641123189
3,10,2215.0751649317353,218221.0583405477,465.8099043400717,1453496.0269893988,239.7365512819557,1021.8373839284689,0.08992141026567271,3016.8020445981433,0.029806864665411218,-390.54091970234686,-2006.5489445486455,-30.375186030128816,-1250068.09199224,1794.0617404512113,72845.60655733281,1.7085067950477815,77861.02925322297,-0.007288167934860718
3,11,1374.035042819495,288508.3013981328,465.4886508708119,1715705.577090806,254.4628260614084,1011.1384818070801,0.050033983280463844,2112.0644836800775,0.023689609700402823,-265.37533621391776,-1782.34923588729,-17.776193932714307,-1442504.143022841,1077.9403701329277,72663.97467051563,0.9506456823288131,57474.30593759931,-0.006881244768560522
3,12,1186.0025512707296,357266.0428652257,427.5871028666311,1380094.3772717724,285.89380253881365,1007.6862270530834,0.04054027132808649,1887.6676970925632,0.02147638135172187,109.24640307960863,-5039.854527783056,24.012666465446443,-1044260.3491374117,1178.5175577557975,54746.31008291054,0.7702651552336434,43925.97630617212,-0.003870147769454671
3,13,963.3928094899612,38590.876029653635,241.89923554322712,59479.54202392552,223.3548038498987,1009.2310113770599,0.03443116186265043,1780.9333510236072,0.01933321190423034,994.4029410097331,-410.5040636434278,15.099071494718203,-22942.530611274306,1762.9836592116797,34552.93477555669,0.6541920753903583,29149.758441902868,0.002830834904685761
3,14,774.6203944227618,239225.35416400898,430.0702871699553,1226193.5009976167,250.05029720243942,1022.0689594760339,0.02253160923179735,1671.3217793962865,0.013481311324702655,-62.75493286837411,-2595.723505614791,-1.7739916710023067,-1002687.8452757844,681.9118561988312,62661.00791861053,0.42810057540414964,30588.955360601696,0.0005102689894579456
3,15,1841.2278244297815,244824.53310059351,446.5686664241239,1436602.3360519821,250.06643436283153,1001.3719876506951,0.07227115027018535,2459.142881910658,0.029388756058791297,-424.2582865905747,2605.617632167152,0.7326474585486835,-1203090.2128364425,1426.2989999998636,75250.73194429312,1.3731518551335218,74768.63074928602,-0.010727747407434197
3,16,2050.036822006971,253630.97213456835,420.8556897821646,1169266.593579319,263.51787929958977,1014.7632463405535,0.08185535799436264,2784.739623292787,0.02939425909326977,-73.8989174836313,-147.7220078666578,10.952511266543127,-927499.2184513254,1963.374312720066,62403.092269519184,1.5552518018928903,68560.97878283024,-0.006209648545535771
3,17,1655.558704034033,74263.23916223641,271.5969492657271,95207.18110889003,264.4428881374153,1010.3055742198868,0.06503458346872416,2403.7474115733507,0.027055498075879935,2058.7733869839785,-289.4139169457194,11.862789189865111,-25427.982665683943,3487.113644553639,32659.444173111497,1.235657085905759,39680.82325810776,0.0035069491017764645
3,18,2061.302384750904,258385.5896712458,452.5516791758115,1500283.1624952462,253.6308759340308,1027.4093579667474,0.08237832409842942,2921.6600616360624,0.028195725156437076,-238.3103728011456,1035.0001880365016,-0.141232007599001,-1249255.4429579645,1784.5765127543395,67205.25917496036,1.565188157870159,68061.11701357967,-0.004762233283804377
3,19,1274.065376865811,115247.55388040654,321.2995515491411,339885.4402351137,244.6255731779698,1032.2011239753222,0.047324379745307996,2268.498834659382,0.020861540249551776,646.995996996217,500.9820565486589,26.047264488321446,-228566.35902742227,1782.8084563204848,43001.851563955184,0.899163215160852,36769.15899094909,0.003330187311678022
3,20,2080.831758406031,237220.30428427795,460.532207096641,1467336.1680450924,245.97744559690358,1042.8990319127827,0.08347505944809916,3098.4915080898104,0.026940548079655933,27.192436679982166,-3548.108560807799,-8.365024187616996,-1243071.5079003526,2071.2127681204224,59382.98105835154,1.5860261295138842,60276.224478734555,-0.0005177086097898319
3,21,1686.0435197633947,89473.77474683743,285.60612556621214,151015.00719119437,260.41713940411597,1029.8538263376388,0.06644734243027407,2627.485111981869,0.02528933166062887,1903.737569531454,-10.05686412002251,21.897221211691885,-68343.12248463559,3436.5535319226474,33685.33827301433,1.2624995061752073,38868.56965059632,0.0065919349317529324
3,22,1811.2002560082656,114784.80639399216,311.64047869186777,277476.81719746575,255.85652520313542,1044.02515717395,0.07217541574460937,2883.759886631687,0.02502823348060101,1813.9925481260002,547.014670735065,26.849603534691767,-167329.92391086544,3409.5251114381076,35833.689851541996,1.371332899147578,41102.230061544644,0.007965458351628287
3,23,941.9282164415829,209488.6219822508,404.3129569077803,988582.0373802555,250.07751143399764,1003.0442166025814,0.030651291803682708,1643.468002099468,0.018650373335244035,-180.5302982658136,5304.038739655691,45.832527889580035,-786465.2721724706,776.3515815171172,68604.26552405565,0.5823745442699714,43086.370932803366,-0.004774138539449635
3,24,836.7908326300662,87137.47799308742,332.5031131699843,355350.3592254079,216.17096376191859,1007.8918382217732,0.027742939197257628,1633.7771661628851,0.016980858694711186,-83.93273941891107,-1060.352962819452,28.767749937685267,-273078.13974553306,726.5966090976119,63916.122365030344,0.5271158447478949,37973.792120367434,-0.0027997147945901853
3,25,732.4788650714335,167313.53194906874,379.35069035655255,727161.7289046693,241.2227206127282,1004.0222782297908,0.021442867989149385,1469.0801420808957,0.014596118601655309,-141.60789280232882,-1120.3188661831955,44.61355765964288,-570753.5514963139,573.8397699521918,66520.87367200284,0.4074144917938383,33647.35515477829,-0.0023544355575375094
3,26,2427.04634887869,217083.9513473404,408.44015297495906,1033188.4902917404,256.55216747204616,1041.4686175830093,0.0998895836400461,3412.4778486310156,0.029271862872346212,329.8004615266086,2088.014388724725,29.326057745139735,-826399.8431886747,2655.8821398173377,53962.59528422082,1.8979020891608758,63247.50111921039,0.0005193920519915886
3,27,721.7802925670508,110130.01953162724,379.80643215020973,631349.9397105164,212.9921072546179,1028.800457633684,0.02194124449248694,1726.8294661865787,0.012706086456203807,-165.02517006060498,3104.6718242603965,24.351164352633077,-522827.3806280576,583.8850018376977,69197.0313077072,0.41688364535725186,28574.83365030839,0.0017665320680447932
3,28,1701.3926199356326,62550.76077151427,263.3166285117445,84471.14883493057,254.35173095702976,1019.6511995331873,0.06763196562279869,2549.151307787847,0.026531169576391168,1830.742608229188,379.10036801764363,14.568909935459658,-24569.685742955837,3304.3294678630746,34142.091061503386,1.2850073468331753,40569.18875398574,0.004858892390356435
3,29,2120.7508520607166,534933.9476802561,520.9383128757419,3154355.7272795415,290.43813363572787,1023.0285790756977,0.08308334934503771,2891.952777657732,0.02872915145327134,-649.7697539558735,11841.028725966811,51.85400495219699,-2636888.617862133,1523.1786972446705,78395.08707628984,1.5785836375557163,71702.4881824372,-0.006406489554087538
3,30,1237.1102859717912,33531.91575329823,233.35268345221948,35042.88734467831,235.05541249098303,1034.61609038049,0.046923026046157626,2284.6214247280523,0.020538643968876842,2027.3285515486987,-370.4346605389728,-9.261029075222893,-3846.875362928993,3058.6102108626874,29533.57415181543,0.891537494876995,27962.945689189455,0.010838332339636957
4,1,2012.2788053747684,236836.32278187518,398.5076943220953,986596.3651630953,265.7966445758021,1017.8437315251607,0.08025798112993146,2783.596937850236,0.028832472129357377,526.7805119287316,3779.190966063412,3.021238119803968,-761178.2733491749,2393.0713063612284,52134.051282176486,1.5249016414686976,61452.76975364858,-0.0037216219678993766
4,2,1917.881367850601,203615.60017844796,342.7670160357147,451951.7912804953,289.3703707317662,1023.3442867149894,0.07562702687913721,2745.9834047326385,0.027540962829125545,1983.3290617627956,565.0174697656475,17.379763982023235,-262287.66886369797,3678.5650954931457,36232.462658489385,1.4369135107036068,46657.42129593434,0.0033755457182712556
4,3,2348.310803629118,100720.86815348656,289.20296130931763,150874.54612931193,275.66226381375566,1000.9389567615724,0.0968638257075654,2946.666081767032,0.032872345566036756,3327.339560591354,1699.8474950952368,16.127809062495658,-54412.49226885673,5509.966153803263,33052.61365612881,1.8404126884437426,53476.81824408246,0.0015485712902320453
4,4,1876.266681519663,110695.72681741268,379.4615402724917,611829.4258717911,217.99347133620967,1027.2299140783769,0.07580606972658424,2788.4205353154525,0.02718602476437735,196.12947590636213,-453.0958607057255,-22.283100929468787,-509436.06605303974,1981.9095946011796,57785.05148015552,1.4403153248051006,62320.44647962505,-0.00343301240404445
4,5,2210.3447131314197,567051.122726915,615.9321160136371,4919476.312680386,273.2972486794159,1036.7694905588512,0.08681965438549853,3104.087993298482,0.02796945659173849,-391.7773491224357,8784.23859041452,-85.52408497381168,-4375051.343730746,1783.124007109536,72211.10434343548,1.6495734333244723,70772.18336648431,-0.004636852253224591
4,6,2055.4557488546398,107091.54901521261,340.2319308609559,434355.970090858,231.46556494052763,1009.6897859876615,0.08415494552018393,2779.9967702802937,0.03027159830538184,356.0416902820375,2969.9968899870437,13.37013778433851,-329240.8318389282,2366.776529429746,54439.287452731754,1.5989439648834947,66923.47146407509,-0.005692255357053141
4,7,2473.9598415725395,525161.9277675247,500.0637700025967,2774450.796535139,295.9505566359442,1011.0533426839962,0.09965465801013845,3103.6265870427314,0.03210910050396677,-182.87934526085337,3080.2426177457673,-2.78241018563358,-2260469.057581287,2206.5799285670014,65865.79851119548,1.8934385021926305,80022.91716477013,-0.008226742079969974
4,8,872.8822950431179,161655.44982062752,401.7933927298275,861244.1890872304,231.23473601646168,1001.5923441805938,0.028118024780726853,1578.283937420475,0.017815567981185033,-113.07317953800032,-934.1676394226088,-10.119933129282572,-710813.7892775752,734.1325326354224,66528.13004169204,0.5342424708338102,42369.317488074965,-0.004971522117740934
4,9,1186.8360557263002,155092.20354859042,379.2203030454402,706861.1395204983,237.70713683815993,1000.1466742781146,0.0428368170285711,1858.203083352568,0.023052817752990142,-26.3807930578173,-317.64983309808304,8.99534194176863,-561319.9123014932,1104.3899758478055,60449.505412549544,0.8138995235428509,49630.8363178837,-0.006740852554931443
4,10,1109.0235710390996,59018.558357819704,260.10669564529985,75104.59432575217,252.57394804328624,1003.4841857505145,0.04000382716585518,1834.9184008222487,0.02180142024186416,1475.1217700046307,1021.0563626215226,5.920072961641836,-17702.64949529495,2336.415299593812,31736.097169693356,0.7600727161512485,30525.154333739756,0.002970742052960742
4,11,1304.2253467159896,141747.71737284976,445.33951174818543,1052613.9812610901,213.9480762815413,1042.1123116140916,0.0484339695713562,2389.80250756804,0.020266933948715527,-54.20171127509184,206.35873110991088,-41.59679720139991,-920899.1335415578,1220.0622799664347,60970.52486840122,0.9202454218557679,44664.25314263084,9.786739918437454e-05
4,12,1358.8157655234647,257700.7182802232,400.66746300204267,993739.8611049714,269.02809876931735,1042.217818389852,0.04953165228132808,2412.8112295250826,0.02052860649652956,733.6742524219601,-7158.150198180549,4.055758698227351,-761023.7961825514,1944.9805031479968,41916.70925771621,0.9411013933452336,35807.357298272465,0.004939158309953142
4,13,644.9427213779845,245225.94726220935,507.951860909631,1941072.515687363,230.96398773815463,1029.5328760149368,0.01626575753972456,1620.6439109438602,0.010036601766671501,-165.8814057486465,-2331.6369298549835,-58.419259543872215,-1708998.7383977284,485.8562371178607,76713.06308953278,0.30904939325476666,25379.915225094395,0.0019677581359698985
4,14,828.9709342038086,561184.9461991037,527.5559608682181,3248021.361887569,287.49798578788636,1002.8318565176094,0.02264833525541297,1481.2852702843534,0.015289651297933521,-201.82131212319575,-1919.038306767121,-10.236222913117103,-2703998.1888460084,604.7612117895436,74344.27014206641,0.43031836985284644,38456.706254962584,-0.004006117729982422
4,15,1203.2194015138157,344681.20039940963,511.3560132914344,2387017.2672685874,255.6458085544817,1043.563036653816,0.04148114322329459,2265.253231004053,0.01831192321262398,-4.8986037958741235,2875.413461763179,-32.232566920234035,-2057668.2146017738,1149.2435130636243,59075.888505060626,0.7881417212425973,38625.58670205817,0.001964291976731817
4,16,2343.362633192099,103658.62476489115,297.8516611060406,211207.1393721396,260.6309888100592,1021.9099130396405,0.09706977546484762,3160.494639693358,0.03071347574703233,2042.4596263270055,-914.4012065471325,21.71843070337343,-113798.90152785442,4291.39030604538,37385.35023750199,1.8443257338321049,53424.26384935813,0.0029043520107475684
4,17,1539.8330777170747,421956.80284709495,481.58496874142963,2199797.0685912655,280.13413940130107,1014.8409284604005,0.0567005588501284,2282.4204616065726,0.024842293435372316,-184.59518971369243,-6479.583371693734,20.915773107242046,-1803198.742009577,1287.6815847475066,67122.27448592953,1.0773106181524397,56919.391018472714,-0.005672364023854817
4,18,1487.6405176112676,92072.16867133847,314.8790194307046,295439.7638992347,232.32295223755068,1043.256457316849,0.05783112288182737,2589.187030805038,0.02233562975319181,1088.0723499958708,1538.0521440724842,21.263327121390944,-206139.5777342161,2378.0263738757785,39055.18091502662,1.09879133475472,37819.05384259378,0.005925767216016991
4,19,2333.6007219710045,90426.72132399812,319.7891864103018,322671.31658018014,229.74224171582392,1040.6941497147002,0.09746523186334516,3356.2461344139056,0.029039953555243445,1370.7567228226776,81.23176074032381,24.46798386626972,-236778.04173753742,3579.981309421813,43256.689558428974,1.851839405403558,56673.939869913775,0.003782510975273757
4,20,464.8592562484044,44951.42088939592,252.89007244008675,85513.93931739403,219.90068433357683,1019.4861136008925,0.011095352872555005,1416.7681934600253,0.007831452543734754,245.82963999617817,558.7617282216524,20.81764986695643,-42352.52668598177,550.1415681833797,37129.22572757857,0.2108117045785451,14889.09125684009,0.005825818122379445
4,21,1198.1346354193024,226641.09211548147,408.1810852371473,1043262.9886481777,254.79162029095417,1036.9694328171242,0.042432575526177775,2218.345838694799,0.019128025389920127,165.75970361713962,-95.70951589322067,15.774187429366236,-828374.5722721848,1273.0342981164501,52148.90031037434,0.8062189349973777,37215.227604629836,0.0022759916413761724
4,22,2118.0536797254404,117215.53582828083,328.339232467796,378473.5690617863,244.68121517836553,1027.938405194306,0.08674848064021771,3014.3536647474134,0.02877846805261544,730.7153280263396,589.4215258322947,32.47473278325748,-265717.93660485465,2738.523946213207,46310.0869357493,1.6482211321641367,56065.16477407599,0.00024352875543285843
4,23,1524.9939394912976,363662.71546189825,473.2693606919436,1967635.6474923873,271.30284720900295,1028.8316512068754,0.056413552192772366,2416.5875559242027,0.02334430302534497,-127.96230733479638,-201.86983313626843,16.904801821432443,-1623119.5082055612,1336.2148493227248,63792.13906030085,1.0718574916626749,50770.55153285277,-0.0022343396978004686
4,24,2193.889532999167,301371.5071890869,400.4991752014894,1047508.132086243,287.115333357331,1020.2027394969994,0.08797800400670464,2961.5874751040856,0.029706366854354904,375.12527363924664,-828.1310123070725,37.969058938488615,-762548.575257597,2442.146445687602,52085.71534294812,1.671582076127388,61476.242661694814,-0.002451965310845003
4,25,1158.2204400804344,688971.5804750219,587.7306071197709,4894236.2254681215,289.9408243992266,1043.5015175122235,0.03729685769651177,2180.952329052471,0.017101179700115515,-168.20273530141162,12607.43773583183,-18.6168866977913,-4222274.052447288,982.1930948961442,65215.93162687213,0.7086402962337235,35612.20600774538,0.002705367427389284
4,26,2149.240152971941,158254.03407675886,395.61205158850123,813216.4837328707,237.41111821847412,1002.184957219305,0.08771114073884387,2776.072386969928,0.03159540837282713,-522.986862600339,639.4275146768487,30.40567218043509,-659368.9361589517,1619.599727472686,74168.88506371636,1.6665116740380335,79589.29698593757,-0.010541960945752129
4,27,1330.2805537570391,117469.54905302014,315.5934609085412,305107.1006445321,251.94404342137216,1019.502267029753,0.0497594387820046,2190.211445937622,0.022719011387826418,452.9704743675086,1333.569012726628,40.5654932687317,-193981.4235304364,1636.4283810861452,45197.420384334335,0.9454293368580874,39974.5705490873,0.0005770352906925812
4,28,1662.8522531845574,316293.16039150185,492.4154476790378,2081944.4842859583,255.51294822652028,1029.598841196737,0.06321300810192065,2560.248574005783,0.024690183892190253,-448.2366006466543,556.6360495235422,9.876766946406121,-1780384.5583125972,1240.1891673458808,76209.14786342425,1.2010471539364924,59361.70704041996,-0.0040000763677346535
4,29,1460.4752482833155,70013.44710883395,273.6697924080893,126289.47355960438,245.4224714790584,1012.5832432205581,0.05655651655969338,2256.962763399449,0.025058683943242226,924.0446305401333,791.8382452970982,32.82795148103577,-58772.92958690679,2215.281652364915,38958.733112126734,1.0745738146341743,40704.217052515436,0.0012401918335402731
4,30,1861.6907490480141,212366.3027933141,400.0562999952539,946343.4407932096,255.00808525857857,1039.0422658867915,0.07357569239152938,2861.936506698502,0.025708359434013256,190.69327485247481,-4060.9258547115023,37.79229655247872,-746245.3300163161,1975.9146997356477,53711.31561005197,1.3979381554390582,51788.715131013836,0.0010811798483820433
5,1,1921.0263710808065,203561.91440768266,374.08402386103484,721282.7752320364,265.81594389663627,1005.4415418834119,0.07626034862351218,2579.6223913043623,0.02956260144142718,592.5634997034642,2607.9475002198596,16.473901807659104,-525079.7186676422,2422.668037904126,50241.56322357979,1.4489466238467312,61142.29523004823,-0.0052048836577575815
5,2,1098.7805252213877,287383.25083511014,395.54904901389193,1014710.1868629969,280.0830897875204,1000.525518283805,0.03702422791703512,1745.7397411787529,0.02120833194301674,220.5914146550083,2893.2058588886866,21.759808653374364,-735189.4045619585,1192.2316934639825,50319.764847358834,0.7034603304236674,41311.14318897288,-0.00422908904325894
5,3,2090.6721424480024,181445.56866199133,431.5136426807424,1131699.4527858905,234.4146151442997,1020.0192515092283,0.08467299010929395,2893.6523172781613,0.02926163229898311,-268.1345071505648,-350.8058190709271,-17.68922192787693,-958384.8839140182,1762.0874165135574,69453.33199507422,1.6087868120765851,73476.62804503656,-0.007258828791768507
5,4,1230.7670686974443,598889.1978932356,545.878129719687,3627049.9042661986,289.68971960966616,1028.9582917836892,0.041171696810586654,2113.0168540486256,0.019484793380469267,-37.50784966882179,-7113.944433230092,-44.91216785984716,-3075552.7998765646,1110.7774233297564,60312.46307021783,0.7822622394011465,42203.93869199698,-0.001137695981111169
5,5,490.7430599906263,27436.076639012274,224.8447775073115,35520.29091584516,214.46614101855332,1017.2580247566533,0.012815298924113979,1428.886226048813,0.008968732912732402,497.60755249848535,-395.10763682879406,9.0356282290563,-10287.346288443958,794.4225902674924,30917.616604300274,0.2434906795581656,14648.553844702017,0.006936810664446997
5,6,1990.2260411334125,398343.32957164914,463.4177373130409,1940954.8255860063,282.80520312240577,1025.0699725499699,0.07789149175272675,2808.5295605542333,0.027733904904086427,212.7994328961165,-3620.9787044547265,-1.8448502540294385,-1562594.6304367224,2089.061659077081,55700.11838439476,1.4799383433018083,61136.78931031643,-0.0031594201656171272
5,7,2370.7234428773454,140896.5589964017,354.39944792054155,527366.9860234094,247.63370723471706,1022.0993453873481,0.09817758649494618,3184.545183772404,0.030829390330284236,884.051244733912,1744.2833382142126,10.773492639552046,-393883.8087813754,3091.0690902799993,48954.662879764735,1.8653741434039774,66022.28560033912,-0.0020905060686447346
5,8,719.850549992007,139156.67204793892,397.7431173356882,765873.2463230785,222.34232061494316,1005.9050238394077,0.02131679639412493,1485.3861662765758,0.01435101314263606,-117.22899332727172,-2463.661205701792,-8.085539072702602,-638221.1700630795,562.8213105396044,68514.90151491182,0.40501913148837365,35806.694023268145,-0.0029631403561941605
5,9,1618.0964785433778,239953.8991267562,405.1231184074246,1038300.3286794346,263.11064268819473,1022.9686400909486,0.061828442318038176,2466.25524727025,0.02506976615112015,254.54019651767112,4406.160990830074,15.887474723659807,-800420.0866936331,1784.8174826123434,53911.66526484817,1.1747404040427254,52065.31040183024,-0.0023471056540237505
5,10,1041.7630688438085,71267.34652307666,280.69153234066204,158541.7983469422,234.644619167256,1031.0811323250637,0.03726208530775767,2056.053029405791,0.018123114907462566,990.2496401498247,-6.4692309636302525,20.36788982766933,-90907.04774438759,1817.0940027596419,35592.332025201235,0.7079796208473957,28731.428280772638,0.005877291349373336
5,11,663.5076984943414,194957.77070253994,444.5028332177812,1237063.8849479104,230.1677075542785,1038.0618915074306,0.017875845383861742,1738.1358227515395,0.010284492816886745,-25.717246816103284,-4373.504689265013,-27.442742081625795,-1056147.365962757,599.7155040852599,59584.17975473168,0.33964106229337315,23284.50861229342,0.004082033713856254
5,12,618.60144314022,321597.8978714308,500.2650236004066,2173966.258330917,250.36752227163012,1035.6263521033281,0.014428876640595565,1644.8410538451928,0.008772201184342255,-75.55027175933799,-2785.3719288843567,-29.88930115773735,-1871468.884460945,519.1943733106406,64603.94272742527,0.27414865617131573,20402.131747868836,0.0043999845504981445
5,13,1189.7334959410896,256693.29117493329,482.6629754878069,1769194.7187037843,241.97117711319038,1044.1279490620323,0.04165869159417671,2274.453322503856,0.018315914062512526,26.69183540630729,1233.5279468203953,-32.3090922200991,-1525289.9612292014,1180.0166873390262,59788.68377906287,0.7915151402893575,39324.74850929291,0.0019745077301290756
5,14,742.2249113343862,122631.6953075271,356.29974187516393,532880.5873834506,227.6104293263017,1024.9731714511522,0.022642250842368355,1702.5767313588894,0.01329881374820431,53.218087173707886,-770.5405066811363,16.025463823785685,-415270.32970864116,706.8841195515577,55077.402515084796,0.43020276600499874,28646.56825603256,0.0017650943322662892
5,15,2151.150598903117,217776.38116549727,353.1841514473015,548111.2296565765,287.5629654650584,1016.1567300627322,0.08649309814652315,2891.429263557784,0.029913613739973345,1169.9767425176915,2210.711085154442,40.734263603013744,-335705.7103706293,3132.032166922954,42454.27360335326,1.6433688647839397,55363.746446727455,-0.0004418731957958437
5,16,2357.8426114490935,290255.6991155789,530.4909224434609,2328971.456209988,244.6357439944332,1043.7022106601019,0.09570312790801784,3351.0846647613744,0.02855885108317092,-288.7820540630414,-2732.205287662626,-57.63675823384301,-2064639.3650741219,2066.486018626639,66859.11629511011,1.818359430252339,70001.72109672957,-0.0025013492047648196
5,17,1991.9899799233633,71445.33140571586,269.60335502383555,88582.30110342246,266.12274055853607,1016.614962311443,0.0807447992835216,2781.0456087848625,0.02903397162148731,2814.0789658473805,584.3893936699315,10.397346483683123,-19300.515364744744,4654.122124442546,31540.69690002212,1.5341511863869104,43028.36461720807,0.00549216009532779
5,18,1697.300041520617,119788.02019400884,332.93725902675806,398852.4991315506,242.66834932254466,1033.1103515388384,0.06707391658252486,2672.5818470388817,0.02509704862990078,715.8512245785582,810.4915006165975,27.449614566116054,-284029.1039221888,2327.7790205240044,44547.16611008611,1.2744044150679723,47147.395719859225,0.0022152616860366195
5,19,527.3847615702379,250666.5581648337,419.5031272645522,1146480.6456641157,257.45596777926016,1023.8872162991418,0.010814336056661095,1455.1588841246396,0.007431721837829778,-51.147725310799785,905.0244155247929,25.457356147894927,-908343.2840026146,427.88893347706767,59047.49791683731,0.2054723850765608,17144.894928099267,0.004281302233472822
5,20,482.1719202330275,131608.0492412802,329.8510616143724,383820.3393909253,248.40739981432833,1015.5584544216608,0.010027056805218525,1356.1256803209792,0.007393899363992013,49.414753437215325,1402.6429537535587,34.96596641432319,-257900.78158330166,415.13339594968943,47019.09487794363,0.19051407929915196,16436.689236346047,0.003983531764019887
5,21,2320.746249052666,279566.7724415973,456.7682207523321,1582698.4380816077,259.16117354867964,1002.6036721424732,0.09427819622613322,2911.600645947397,0.03238019484483811,-610.7946624869419,-1336.8801696989103,8.482217225750333,-1318236.5928585338,1751.9431003063044,76629.02120777045,1.791285728296531,85817.72017639557,-0.011001649885980111
5,22,993.8537995643817,170241.2868879125,386.23827992572177,762849.5382752498,241.2622574375576,1017.4467780490241,0.03359845051159262,1846.4367907220942,0.018196371887961093,-117.43150161845483,-2621.3567158624937,26.836832515485412,-601796.315071753,864.3599247106536,62794.204453012,0.6383705597202597,39250.83295461575,-0.0019464125408962946
5,23,1994.8451591902526,74544.69978063303,282.42346045293544,163636.19412435152,241.54321396077148,1003.3982673511314,0.08160881324056178,2666.1589383225496,0.030609132886843977,1036.3698458318395,871.9712889130169,34.66498293129666,-92275.591072658,2949.914864002326,42687.893470236624,1.550567451570674,55747.52230846153,-0.0023188788176028777
5,24,2350.0620125497644,150850.99351824232,358.08302219185174,570014.2381179276,250.03289084032204,1003.279114302543,0.09708374322154442,2974.466007456319,0.032639049489278836,-59.31588313987322,1214.7313551497064,46.46643564984686,-422118.197009944,2297.073456174047,60087.94299208953,1.844591121209344,75624.19063784931,-0.007624371248088336
5,25,456.9027237295809,29189.019392226433,227.4269741382691,28673.052246210227,228.69227519018347,1022.4270152358923,0.01069622359070665,1438.1946241730566,0.007437257385701077,465.26190795097193,-263.7795371574539,-4.342717816765202,-1364.5771071288254,670.3446388119651,29476.273168911277,0.20322824822342633,11886.889355338235,0.008792977611336222
5,26,1235.8194141366855,78457.6071465623,285.4097664213741,169195.23318778916,240.7700923336398,1005.2898701833003,0.046074508520033204,1974.3888722336674,0.023336086000073607,490.0659420069642,-524.8633792510809,33.08806660315952,-95733.81637411554,1583.5155651725363,43461.29477479149,0.8754156618806308,39870.59910394361,-0.0014432388465405073
5,27,735.3430042422233,367208.3290130407,465.48519160787475,1880981.2706866364,271.2142657161148,1008.6230868395049,0.01954239451002088,1477.0787585954674,0.013230435003075568,-222.78374716280211,-1779.6588128788862,52.83777012294922,-1538500.0413696554,550.4823332422346,74318.71520740514,0.3713054956903967,30177.14200769334,-0.0011231513602788686
5,28,1944.2781213406618,88267.16653289126,331.74686916678763,356909.1644152011,221.25484683175057,1039.4679682418732,0.07940952954261853,2982.8702732711017,0.026621851528104083,436.1894268417375,-1519.309876325453,29.11080152210417,-274186.5625193908,2337.6324398115767,49792.57382507842,1.508781061309752,53380.35075409439,0.0018480952947237152
5,29,1925.3075733538833,108255.42522056361,343.72781968875427,443227.1451670003,229.94724122787517,1014.9801869903458,0.07807774729897946,2711.3568158830476,0.028796559287808353,-203.52534590788423,271.5934577639855,35.694412643114845,-341582.2630090037,1696.7357512089884,63480.65326678722,1.4834771986806097,65641.42710024201,-0.005563839601042751
5,30,995.4128811110559,673107.0208317492,572.4681637510239,4531778.916998746,290.58650507345754,1032.9551709941602,0.029824694717982696,1926.0456043012566,0.015484936935749606,-321.01802271464476,7638.500486182515,26.188266982844993,-3893558.8800325105,755.1265164199433,76893.20593971461,0.5666691996416713,32496.158997455397,0.002053982401284094
6,1,1624.9258667044548,195305.90213031415,435.84112077134375,1151672.440267144,238.00807096545364,1007.4728717749232,0.06269602432997509,2328.649204348734,0.02692377375385299,-169.00007292976693,-1267.1839434407011,-18.399896215054127,-969845.8974282998,1388.4330746737555,67891.58227034353,1.191224462269527,64992.50374571438,-0.008344308754891987
6,2,1831.9016466192377,240841.93148311906,494.1373582995086,1774086.9246765338,238.38388106501114,1020.821023474021,0.07171582713995259,2642.5267775392617,0.027139110850083737,-344.8034006115827,-611.2976550416497,-56.197373471298135,-1545826.30564457,1479.422311465928,74816.61155413714,1.3626007156590991,70518.8185873535,-0.007316187121403438
6,3,1949.9252000113286,332017.2703706085,472.19343767292696,1915564.0802377772,265.0627372976109,1007.3339636900877,0.0765376846388149,2604.0933296771746,0.029391298601537896,-223.79476201891362,-1570.125155297981,-21.427445632316903,-1603181.1137103224,1650.8745266446106,68611.5121928501,1.454216008137483,72317.6704584005,-0.009076786492063796
6,4,1318.1745554119013,474234.58904978825,519.3806736735911,2867429.0590680167,278.13543781851064,1035.8448563659422,0.04597174035705728,2277.8833708005664,0.02018177969353208,96.37586193529796,-2221.8218798056478,-44.61182529325879,-2416663.7200090867,1335.915556493149,56904.95797198684,0.8734630667840882,42328.80909048667,0.00030385995291751927
6,5,1144.2730719367469,124589.81773224674,324.32515436448307,357083.90860135056,249.17789974633868,1013.0154830655871,0.04105316565634027,1951.218143782676,0.021039762154298987,549.0309491309426,979.9941509011405,26.564010268822585,-236633.70434014173,1534.5656150001428,44204.351435870085,0.780010147470465,38714.28593185121,-0.0004983886928851856
6,6,1273.0944081209805,95334.79336116948,305.1068956862928,253636.20756713368,239.95843608322042,1028.4897253255256,0.04762686490044106,2237.4345512640766,0.02128637232026897,996.3355798322932,-1188.1431010000815,14.530172380956742,-164432.21487623279,2063.9981550681496,38989.788176353286,0.9049104331083802,36138.43687829297,0.0035469648753029305
6,7,1006.4914218856036,188671.93924761412,366.9469309579752,658166.3930513436,258.0839700899594,1015.4805617095662,0.033808291574018,1830.971448576022,0.01846467436743008,269.2739415270321,-2004.8123159621318,17.17138016515321,-480519.92963465676,1135.426768786691,48916.831479303466,0.6423575399063419,35909.51838604011,-0.0005608984321800806
6,8,2294.660127798426,39873.74159645206,241.1497377555165,44325.48522548816,245.5731475893001,1011.9640054689058,0.0959627690773841,3038.8954362367404,0.03157817407374206,4277.057450575299,777.5875136251343,4.014755368900495,-5884.943834466256,6441.912131196275,29570.947879297248,1.823292612470298,48126.456684177654,0.006280016767188236
6,9,509.4694350368796,145085.28091228532,368.97810705841664,615568.5823926768,234.85081464388048,1030.6837287687497,0.011347503754611046,1533.787362779718,0.007398355228358189,57.853981102518276,-1526.1879483804514,-0.6593146330486661,-479985.077272868,471.101798356908,49660.28049978743,0.21560257133760985,16577.60243230348,0.005174440543845412
6,10,1286.2662351725705,60266.46279301101,279.5938991394418,165784.81751099732,220.40351830315626,1019.6658492815659,0.04922566118089804,2181.17171643362,0.022568448329866344,736.0404369003002,1297.4208770956247,20.17006448805472,-107927.74823602052,1892.3629725142016,41807.93868569475,0.9352875624370628,39781.76755348395,0.0008313895102779571
6,11,1734.8032628491187,532742.9929870102,519.924788702712,3076687.049174187,288.8566138312152,1020.677044542516,0.0650856715525531,2508.483876476221,0.02594621881484119,-175.7268186945248,2350.8643038994633,-24.50588653327611,-2566390.523722104,1526.1753556087492,65641.30372680027,1.236627759498509,59759.61727076598,-0.005195351505815991
6,12,1590.2974127437446,379455.90326031833,510.3736742462131,2484704.427180973,264.3913180377627,1041.14838293589,0.059299303932594735,2597.469908010795,0.022829640393411746,29.787827205558187,1754.9007179850596,-30.339495247151376,-2119864.5218293574,1611.1791509044058,58112.93474873539,1.1266867747193001,48350.818788121906,0.00011514397083745367
6,13,1030.1307347034224,123683.61069037727,390.47964008112547,682911.5014989896,218.34754645829486,1002.8796316110031,0.03606400888296425,1750.0764937693161,0.02060710432450273,-179.223506682452,-2882.303014948571,-4.157971619480065,-569030.6697570293,837.1736843351305,70229.3534269474,0.6852161687763209,49252.58180233053,-0.006366874050123431
6,14,2227.543204108178,447279.7530863091,474.22430394761477,2172627.9903819975,290.2188847446559,1008.3945432862478,0.08861463296923854,2856.238092247249,0.031024946137987314,-58.824718835798194,-2630.501600629592,7.02377499053091,-1767855.489677599,2060.529418333026,61859.607623335825,1.6836780264155322,73199.88916625363,-0.007528573580856214
6,15,1230.805530786846,626203.3756533519,668.3590358824443,6062685.926233929,267.6044078565364,1040.6641864916242,0.04058322468657984,2218.306358647838,0.018294688886577967,-327.65613535507885,-5341.5464742576005,-117.47315766622592,-5469609.677008727,936.2969171412531,76668.10439424154,0.7710812690450171,41584.352216757965,-0.00030179527494246863
6,16,1793.7370448341255,113428.34055738436,306.0803605590064,247140.665657312,259.8957242220912,1027.3484012352897,0.07127677438172508,2699.019499987398,0.02640839548660463,1592.4871142126156,-148.14935375275672,24.137139570653687,-138940.23519560287,3166.0208401249984,37176.4162237776,1.3542587132527766,43654.32041464262,0.004065390308688171
6,17,585.7547134888206,126110.85242445477,324.23602149740367,350914.3556041694,249.2053473730187,1027.2716410831194,0.014910223007206019,1570.9208709753145,0.009491390230208686,227.52590422746846,1824.871696528673,24.927378782769665,-232643.53727707738,672.0866654764852,40905.16540142009,0.2832942371369144,18195.842732088953,0.005883806878846414
6,18,694.724134233116,118360.9195122847,364.207431933288,556585.3843686875,222.31887439694745,1028.4501336353155,0.0205182552905564,1694.8664421642827,0.012106119267046987,7.656501652271118,-1442.8841328165,6.0747460214485045,-446416.5248064606,634.4469583471518,55314.81194116388,0.3898468505205716,25801.60717445663,0.002721613249009212
6,19,1549.2253174054147,95246.31623862572,320.44232320305093,330993.3142376238,231.05609451313083,1003.1225523130903,0.060696336266930495,2245.1522484695133,0.02703439657970023,229.67935268308315,2640.2492535219208,32.11365826423827,-236931.47948830167,1689.1957341897053,52809.56253960482,1.1532303890716795,54064.660927916426,-0.005559970317579231
6,20,611.0184039924352,127356.43508658392,378.4593158803153,651139.5382465201,222.4558110469549,1039.6243853339743,0.0164352065055923,1724.9479834515898,0.009527943255834155,54.21182251019229,1242.9572261105932,4.30746844221153,-526749.3101358782,599.1481696371337,52502.035953451064,0.3122689236062537,20064.172029726178,0.005904506928214145
6,21,636.8526694792604,220226.5506578454,366.6691693814223,668053.1208158885,272.40239316907207,1015.5994773995113,0.016000105318256144,1475.9968803602358,0.010840202666519942,93.84343134702067,2548.3505185024114,33.994411335580196,-454719.8507910484,619.3701764270209,47769.47091436897,0.30400200104686675,21843.367388652554,0.003040305231083758
6,22,1952.2590074059574,179081.17517815757,429.1235366768706,1065888.897473736,235.02843990933658,1026.4523548857103,0.07819920166038255,2828.507582064754,0.02764680644882652,-312.0372634832311,-1544.665254983207,-7.826029621400949,-895976.2217171191,1639.4212890187418,68556.39678597685,1.4857848315472684,65423.7702224226,-0.00489086867981052
6,23,1624.1355925766272,276138.896348271,493.542262958173,1876397.6597535778,247.09110043259994,1029.4945400160761,0.06168770890928148,2528.699578346391,0.02439503270278604,-367.4702508455889,-2162.1530475598993,-26.39626277717889,-1614227.410691108,1248.4913421350104,73111.34281888799,1.172066469276348,57848.44576492448,-0.0038267837227952406
6,24,1273.408633424368,339370.56130850024,435.59075088109205,1510321.5611775443,277.29248172116723,1003.4815733614635,0.04484762062838508,1931.7681461823354,0.0232158402223452,-175.06952111313512,3100.8740100894356,33.44931146833926,-1189350.0249271428,1068.0486431329248,63450.49647476434,0.8521047919393164,49917.26771679708,-0.006069180478566298
6,25,1772.3241935670771,192616.95219916853,347.47121917675804,508429.65482249344,276.96485984074366,1026.8724459978016,0.0692022939283697,2652.7703385454097,0.02608680175695696,930.253447192078,1268.0393577503564,28.31594953008897,-321711.73752606625,2514.373308138862,42261.17577611254,1.3148435846390243,46191.62059485334,0.00240253087749814
6,26,1189.6240881273818,513302.1108217186,595.8594910415616,4147755.674287135,266.29318559796496,1040.4702369756008,0.03951670984941742,2195.0365667443552,0.01800275696911419,-302.2004128765468,-7573.196579843003,-53.742645274894926,-3662569.246102851,931.2313410821432,73646.9869596932,0.7508174871389309,38693.84303837161,0.0012084104836829097
6,27,524.7748264761503,158374.92776796207,332.81555322567533,399509.94088105555,264.65380855989366,1029.6410450482033,0.011409951282366085,1524.6094761293552,0.007483851741059236,159.73408293174487,1934.0826697777666,36.69351117831428,-247375.01158201048,520.8675930089103,40989.82936902262,0.21678907436495562,13881.194834596361,0.007178583168131964
6,28,1611.2446743099763,71034.89492182824,279.9526387688994,154174.9761884229,238.33071308306947,1017.3314575067993,0.06379538939628851,2449.222362993764,0.02604720190383585,976.7628644697679,754.2101436894009,26.628860277980436,-87990.83986236804,2482.7964393158663,40303.69433749416,1.2121123985294817,43945.122722059954,0.0014202270697116527
6,29,763.3822360719571,91619.37376989958,304.8076182939975,250096.01088196976,235.48656710775157,1029.4346703829701,0.023930847064197087,1772.9636451136432,0.013497652436445289,281.0998368474877,-168.36954534811957,31.771167912491933,-161570.64437315037,930.7455259113158,43169.78879482981,0.45468609421974465,23923.703749259486,0.005227414758115612
6,30,1242.3614207989765,76887.83871298854,314.42146178668776,284705.5918385642,217.12079136253166,1023.9782830630209,0.04689610880615274,2177.7050067532628,0.021534647098998078,69.79268738470432,-44.817465578526026,30.939098622724885,-211417.32318299153,1267.359201000403,53878.5102576465,0.8910260673169021,41707.0039173354,-0.0004932187189991763
7,1,960.350606048938,697558.0907345338,670.7344554761744,6529293.013740068,274.1150939464523,1039.0282566824874,0.0276655525807598,1943.59361844007,0.014234226907456198,-184.3095712962538,-578.3529393180506,-128.95124239714528,-5863676.486365856,767.7056646121684,73708.68383598048,0.5256454990344362,34132.88669042427,0.0011213856182814026
7,2,1030.8974469938364,287604.1513045905,406.76571080528333,1117164.3440426737,274.74986930048624,1010.2975752988027,0.033910493153538605,1781.185616058799,0.019038157981856946,173.04447212063496,2196.4965666529606,10.000777177579266,-837015.1880990864,1068.0751403907238,52173.79444703792,0.6442993699172336,39029.41023156959,-0.002292215237767646
7,3,651.7485490621543,171814.83469639657,345.78428983110814,482216.1243898647,263.1570458262145,1038.8804489688757,0.017260857736133936,1734.0216444114362,0.009954234303685775,444.1675667988584,-442.8217643047392,15.784498037677338,-319842.158471234,916.97286189542,36752.00456527874,0.32795629698654477,17611.543314754705,0.008082266819400623
7,4,632.7719494842564,306591.13346862845,476.9599057741606,1878205.1147313728,253.81836196233994,1013.6307472282588,0.015231212179698536,1440.9317158765584,0.010570391373773719,-113.77979088918664,3550.5898962018546,-23.475386539876467,-1578724.3689411087,481.10978768111966,70507.06531504268,0.2893930314142722,27842.727702813518,-0.00023829099419641828
7,5,1417.3274076815408,248454.9492086716,431.82351066063603,1294473.7981440702,254.54542448315803,1033.5467127926972,0.05243565074498165,2384.1801428266062,0.021993158068507213,305.06733988084875,2101.9537613767025,-8.951211766502752,-1054642.3039022489,1563.665713258581,53451.189646451996,0.9962773641546514,46194.0177788082,2.753433532088831e-05
7,6,1196.644846421112,162096.26308185246,376.2374249936375,705332.6329944119,241.7796431769601,1010.3629950521623,0.04318457852500232,1967.3215210216697,0.021950951109697463,105.89523557532675,-411.10362976475153,3.860099239292822,-551825.9402820759,1208.596118777187,56360.90866615891,0.8205069919750441,46823.377395251315,-0.004121490192623464
7,7,1249.6077297622444,496747.17472142883,521.9781182280553,3011367.1828341293,280.63857671189226,1016.7834685249804,0.042644058373266854,2020.7158527151407,0.021103441295800218,-162.1760297641904,2337.582838242117,-30.91618009711135,-2535700.699728594,1043.315631490964,69051.53457017418,0.8102371090920701,49942.27953024553,-0.004528120621789217
7,8,1344.9346452514044,96271.98100865466,303.43899858257254,241236.7837003326,243.74651904825572,1033.7177809979291,0.050873522332658315,2354.6482566324567,0.021605571952991405,1249.8530900894682,-440.54070444846,19.49713570559595,-148684.05700136162,2442.9184307008472,36445.33778327076,0.966596924320508,35501.319127017196,0.005470277407031394
7,9,2034.1952939709297,437893.12867516367,578.4127029895562,3614338.7333051465,261.21131932810147,1026.8119146640008,0.07942593346583407,2856.63781595669,0.027803991469333073,-525.3851749021153,-3236.808137663349,-74.53604840777666,-3204189.9515472297,1511.6611087360975,79914.82621844982,1.5090927358508475,73253.24766185263,-0.0069787333652486724
7,10,534.627559099624,147521.8184614808,334.95712970835893,408691.8649658148,255.27979782059452,1037.7061903718773,0.01218054679020624,1620.672839522898,0.007515734510483937,290.77626549612694,-2165.253409267636,12.838002965695921,-270319.53081620904,642.6399751768702,36841.36163797605,0.23143038901391855,13950.304356673645,0.008215390692789863
7,11,2302.575946688847,387672.2561391915,481.25219822494216,2099160.1513695344,277.64334668434606,1030.4573564543482,0.09249515426112892,3154.4766497660603,0.029321870005913173,243.19223805311913,21.848426382697653,-16.008510357061255,-1730155.8887970734,2395.457486350811,57053.81354584023,1.7574079309614494,67101.65178683447,-0.0026699531888521727
7,12,1921.2776607587316,246884.54706954272,556.7930691390242,2356607.60144629,228.7797721521068,1042.4132063447937,0.07553710434982983,2934.874150444533,0.02573776607708666,-370.97153423301484,527.1960959603894,-103.00368988943796,-2123240.778691389,1545.9288906884442,72796.34348845459,1.4352049826467668,65094.279246555045,-0.0032426962390080596
7,13,748.8893284416794,33370.41817954433,234.74858628307857,49576.16991672177,218.2231964385222,1002.7855304376767,0.024653624716366954,1520.927798704106,0.016209595706892118,766.0113870482277,-184.91913764119818,10.27059216253312,-18436.28475394918,1340.7838609710448,33329.809460088305,0.4684188696109721,24347.009463398863,0.002849665786427681
7,14,459.7260035448483,46474.807649135015,251.81295100613525,78819.78638360264,225.10370360006218,1033.8768288140807,0.01068208577828724,1552.4100037065525,0.006880969429971828,383.2981605806165,-533.5483501504641,15.529230715107275,-34909.857809749745,652.0952716507821,31702.119659523145,0.20295962978745755,11801.687089489169,0.009022788833369074
7,15,1499.1563971215887,137535.845418342,387.90827806378286,699751.8170913068,228.29319512678177,1005.345177499766,0.05769310906618267,2207.3139563213135,0.026137246539379204,-129.6431977798468,-2386.953703628271,-7.582839371097464,-571873.5101698441,1318.0257564261037,65337.45437551236,1.0961690722574706,60527.83581416236,-0.007700710565969805
7,16,1726.8907356773127,127220.40056858142,396.34615697487334,736021.1332937041,221.42933968935543,1037.1028788483047,0.06850221680581507,2741.0731245993497,0.02499102128690118,169.1755237904274,304.60578181654273,-12.879731133919108,-613431.6363418011,1788.0065918470023,57344.846158085216,1.3015421193104864,54906.87138403637,-0.001006559939553977
7,17,1099.5532218506378,355437.0676909334,429.99836071692823,1444829.1069122981,283.22663804364805,1007.7810679523903,0.036561569479751095,1809.0420691189258,0.020210458398879583,33.911009442538216,-562.4409913753043,21.342940790786315,-1107341.8131786066,1043.8396438821753,57428.74709741871,0.6946698201152708,42460.682405964035,-0.003642844459092482
7,18,1145.6812322184828,138066.18364318553,385.37096985004007,715675.9997979265,227.06968282729983,1036.8355628296051,0.041219773474336516,2192.7510977827815,0.01879819990331608,181.4842821409627,231.5635389580275,-3.255395360594889,-586615.434368623,1229.5484045561466,52812.29461230713,0.7831756960123939,38144.126119983885,0.0018150566042253215
7,19,2285.2461144748313,164769.10179803008,343.9614524070116,475910.32035100425,266.11259999852086,1020.8627628632864,0.09363648145938368,3081.3572578205376,0.030388063968153217,1116.0572859325966,-724.1811972713331,26.169038752011772,-317635.90416166,3296.530395236593,43884.34184319131,1.7790931477282899,59084.95446450893,-0.0001691442814640183
7,20,1846.6878748723432,613289.9606673211,573.3603630425937,4440317.236043066,285.0617118598352,1027.4889092948163,0.06985744648608153,2672.0380226697944,0.02614388189591806,-474.4573924179733,6849.804029636201,-21.042144385328356,-3844624.339672289,1397.1610850864104,76051.73661511122,1.3272914832355491,64274.11207725967,-0.00536300179493656
7,21,1228.1161141094947,56840.5993181104,260.722773123012,91491.76271404614,239.47470396781085,1029.5654190217977,0.046037346636605296,2216.4011229500834,0.020771216076324886,1556.7317883244862,-320.74846396218345,9.704570334395385,-37615.745102189,2525.72993051295,32501.490285956206,0.8747095860955006,30221.273035905226,0.007327801236457914
7,22,1839.7403297180203,276624.84038576524,437.3060753709771,1404427.3472439512,262.5930292443551,1033.772816468734,0.07185995924935759,2774.927349674491,0.025896158779719774,129.12837052313557,2133.168288789864,11.378740762507107,-1137047.4676964292,1903.1235252561205,55573.88265889728,1.3653392257377943,54179.65204784524,-0.0009747469595362754
7,23,1575.42991029137,144192.69799365214,338.2637945309323,425396.77872438496,255.64588187081506,1023.1243925008621,0.060847955878212276,2448.2030425728663,0.024854129669843857,733.1670455213562,-1177.102948626969,22.55405315187579,-291238.8558865584,2139.9460920701144,44697.3615162706,1.1561111616860333,45493.03854304268,0.0008330640778400449
7,24,1711.3573343259445,249040.43310006117,370.51874061079445,736729.149105151,284.4260608600349,1042.0166365729428,0.06582423845374122,2736.651134804253,0.02405284240164923,1363.8259234671796,2960.383873944578,23.891632628082505,-502839.69230984675,2865.5146215957784,37953.124751616655,1.2506605306210832,40120.60757937193,0.006769383878417769
7,25,2400.631762849623,374876.47793680755,467.79005041357516,1950738.716334267,278.2654840449054,1001.0641430042358,0.0972140227895636,2954.9218858336303,0.032899016131567885,-425.6905320020587,-708.8113141318318,14.803887834980117,-1594650.3314124169,1932.1947378031487,70776.24389366418,1.8470664330017084,83866.69831741118,-0.010387997927667286
7,26,2423.126163028464,333112.51691642066,407.5056668814755,1169684.5686739984,293.4577142155178,1026.520985005564,0.09840371373212492,3233.284124698137,0.03043460145690475,667.9635200395992,2934.5856986639556,35.8784862809452,-844526.9789247997,2939.3853341354425,48797.40227491747,1.8696705609103734,62076.87787156933,-0.0005335771085886488
7,27,746.0758453812759,581885.1466022483,603.1842896474222,4588905.598190918,272.27058008961444,1036.6665596700773,0.018460305888306848,1735.87171446691,0.010634602623256667,-204.3198394616512,-6562.150592141203,-52.87819383214082,-4027828.7604223024,562.6082204832652,75479.06963667378,0.35074581187783016,23289.048899728587,0.0042165796850135336
7,28,735.5651348901408,63357.34090977452,276.2736396259487,141283.10579454893,227.56750251878117,1033.977098356637,0.023231050340087975,1804.3919903681297,0.012874724818163489,534.08395541033,-956.9420742591974,16.3656382565008,-82003.78564456417,1090.2528705646516,36956.508474804126,0.4413899564616715,21245.83370248262,0.00745692189885791
7,29,1785.0139912025243,163577.72368293305,329.7726937715224,375214.688750316,276.15624855445657,1018.5987231453583,0.07002386237577102,2586.464478969004,0.027073197001214324,1090.4883956198382,2056.221249550261,29.426749670631978,-220621.6986565961,2666.1450988127876,41109.21914178273,1.3304533851396494,46987.20410350843,0.0013751901819676754
7,30,1386.7457788426311,144762.75203851552,346.5486705347621,495091.34894732415,247.84409881587533,1039.3188427281234,0.05220055152659723,2437.1994578131776,0.02141825173941042,594.7738523747112,-2113.5751677707594,26.876669786904415,-358847.50517347606,1875.5881090987132,43687.1717542336,0.9918104790053474,37777.17631122525,0.00448855801579388
8,1,2242.855112309675,680903.411147637,628.5128542398991,5586267.633538746,285.77683694217575,1043.8022868563933,0.08775611454858855,3193.1451595357044,0.027482657431505124,-51.24154723844049,11070.156033501378,-94.87947833031967,-4922734.196108659,2140.6466516769024,62882.40860527252,1.6673661764231824,64246.42610904749,-0.0019131442875889235
8,2,589.5738636705673,116664.71108958636,324.72069877796514,361412.79517667275,240.62190613813942,1033.4524678124822,0.015388890062669431,1642.3024793782097,0.009370314090066893,292.3452680689197,1581.7162569065258,9.448739715883164,-249815.2448728293,745.4470668203894,40061.75794096517,0.2923889111907192,17865.45680748536,0.006413043548434007
8,3,660.9947215683611,541112.2600041674,603.069883587219,4613326.876532085,266.3031600661282,1030.01218890843,0.01469142238612484,1593.9503368067976,0.009216988789974817,-166.42850826295233,15638.37486264843,-78.9735130612894,-4081160.048533623,490.1626304711712,76582.15825146914,0.2791370253363719,23751.896060568364,0.002254326388281982
8,4,1849.4882306785205,294058.9152105392,547.4773478420449,2556699.821730486,239.7708139342371,1040.541881911819,0.07189046286305979,2843.228076379387,0.025284803375537245,-209.57455311088506,-1592.3460977452341,-87.01914862660595,-2280712.837155128,1604.9852189064538,68982.0582303663,1.365918794398136,60941.68545336306,-0.003062465149587447
8,5,2098.422526191026,93716.05704227215,286.21497224019606,143479.38496660822,268.6980571429531,1006.0755075031444,0.08544843706350565,2769.7238163015563,0.030850887211420926,2692.141287658811,-783.319850988657,19.42142374775824,-53334.18470551343,4545.2032482489,33867.88588667709,1.6235203042066073,49111.78632906142,0.001853114558150671
8,6,1226.4495062915844,196983.56068955405,388.83232955495987,829116.3557142345,252.10654774486397,1003.8563093247236,0.04407080934807608,1919.979280208758,0.02295379424265677,80.13567489410798,-1791.3739202504512,-3.9476420682638604,-643942.6159959596,1235.126263349172,56259.48716497862,0.8373453776134455,48396.2369223003,-0.00538565401168227
8,7,1145.806428036857,351988.09777283424,498.88569844112783,2224078.059509771,260.00432456560696,1030.1209054238489,0.038778813599565844,2076.785326229806,0.018672519065783686,-71.8725321585855,-3333.4375789731275,-34.64371279716437,-1888806.357315647,1016.0253109598439,63432.329569434,0.736797458391751,41321.04536891577,-0.0009888936385142877
8,8,1755.6470369592507,361692.77369336644,421.4183359028536,1325988.2397898748,291.88830359502526,1012.8310239853288,0.06706007889956686,2469.5118178446246,0.027155196591890175,358.59375912837413,-3583.101091685181,12.713950555599922,-991709.3055609388,1982.7135131243276,51431.38818233765,1.2741414990917703,54158.18239114017,-0.004007676314371975
8,9,1030.8853232373715,523341.5911735948,511.9664447906497,2886705.7252185815,287.6533586046279,1022.2426032441003,0.032269089306688745,1867.8078185747781,0.01727645049227362,-76.15396218845513,3133.100335493451,-13.226368460051617,-2377079.4889248842,916.9389650568504,63894.405989067825,0.6131126968270862,38787.077826676825,-0.0011858513344369208
8,10,2009.9123818634616,130044.57972993431,302.522499815772,174709.14303812495,293.3921536435265,1014.2971820665267,0.08024381881382683,2747.8481969418035,0.02920242060792644,2844.0192711618847,2095.510474664741,12.352642939267412,-50670.21075938959,4567.185368324569,31783.07096028079,1.5246325574627098,43743.246483969764,0.004777187315729157
8,11,1452.5642551186374,164516.8218072423,342.13923606807464,464170.40103129647,263.2987642672001,1002.7779791481362,0.054781116720615405,2123.40212589367,0.025798748175200135,579.5164208484769,-2598.350081059296,33.108485213597874,-310064.1286407623,1892.526261693823,45541.23221827163,1.0408412176916928,47735.7589906589,-0.0035224612722006346
8,12,1649.1747975490657,406912.7870473098,469.07634477872637,2008779.2630782702,281.73475646528345,1021.3737287653654,0.06190217468117189,2451.780781277092,0.025247842365795883,19.708750807855722,-4728.512336715648,3.7864273211745285,-1634006.0597257477,1619.6042989851762,59220.98117082893,1.1761413189422658,54853.186294894906,-0.003484877844755284
8,13,2216.269447177915,180767.0607067041,378.2728687891374,729100.001659093,254.0805690710477,1003.553291974558,0.09045041781382353,2844.54127602205,0.03179789253763754,182.98519661966657,-1485.885308683355,23.172182432406885,-555790.451758285,2290.142784215443,57863.89707420075,1.718557938462647,71966.15322963968,-0.007276887968963738
8,14,2224.5814508217013,168981.4465740311,337.62637875719975,425788.2526361411,274.24251532550653,1041.803536101808,0.09057886202361864,3229.612601490454,0.02804635515164167,2312.4672513990968,336.904523819132,19.390249636500414,-260617.56397443343,4292.170241972024,35135.20134386569,1.7209983784487544,46548.69282108561,0.007616580708624528
8,15,916.1370760959022,183239.539239299,393.0821322324449,838350.0337246273,244.08266160537366,1040.5924684070367,0.029783492863697414,2001.5945413443155,0.014879883137418108,226.64306086739396,115.85587750986451,11.506792109055368,-663829.4544585372,1041.0550142611967,47683.62531728473,0.5658863644102509,28197.598760196273,0.0046371613693773905
8,16,1683.022028390817,332159.7668699089,482.7396360401528,2047318.640109313,261.2362682867572,1042.8324718270148,0.06406220519768044,2709.5688222237573,0.023642951849846078,113.92966845670298,1506.2730148209375,-8.049368977065285,-1728580.9613997573,1726.0132885708697,56054.37283476179,1.2171818987559284,49407.59040693685,0.001092877048741621
8,17,1242.5748706237005,155849.63242544755,319.8886307325673,310156.97258702666,279.23504186424697,1008.2773902383351,0.044635038730156174,1975.474676986474,0.022594589163879113,832.2625010529719,3156.568168552418,28.074190429276484,-156568.496619835,1901.6878977821968,39324.79839407312,0.8480657358729673,36546.35854294469,0.0006668350150597878
8,18,515.2756736958517,28818.268050041876,227.52492172102353,39994.77426832506,214.41316850883965,1002.1766225584122,0.013935390583041,1300.4740372449419,0.010715623829417747,382.578419649613,62.612161895780446,12.807022600698303,-12518.486785365843,716.5418116301589,33818.888166283024,0.264772421077779,17655.689488448068,0.004019348806163253
8,19,743.8865587513928,143056.36153185388,447.27362181334786,1073460.9673903482,212.49400229286707,1030.4699332554014,0.022235791414230037,1749.4151608386142,0.01271041426414237,-181.34389468800669,3238.406561919546,-26.17877528960065,-935386.5900988332,568.0657198251826,76301.5454472964,0.42248003687037067,31367.019930762926,0.0010773560014863317
8,20,678.0422359183578,139825.72254145143,319.5114349274931,315086.2518374376,265.09233072948376,1017.6442677257246,0.018717904895214,1550.8007751615253,0.01206983204742364,268.6940014464353,2847.057001332927,32.32204250704211,-177695.24845601054,771.4060608819395,40999.18352029318,0.35564019300906596,21530.469276214502,0.004157100305262659
8,21,2360.4865151096756,235546.34529611116,377.7501086981136,755961.3894546448,278.825756668424,1017.9220222118528,0.09632647977692035,3105.7498176569347,0.031015531009381744,548.247380542352,-1903.6493064444803,35.654538981713586,-536719.8477892851,2866.072408719717,49897.87159889129,1.8302031157614869,64048.441483566974,-0.0018170972950580441
8,22,803.1426612292818,372540.2575198709,512.5479175839923,2467021.0738378996,258.8243223192588,1023.5729955307667,0.022628003934023918,1688.290033988145,0.013402912697749661,-249.61490519168387,-5622.058929154067,-11.15649616487866,-2106627.8954182677,598.6319593313581,78723.73924644322,0.42993207474645445,31323.70799956812,2.8299924777338767e-05
8,23,1885.8076938258084,96330.7412372119,297.9278750935057,217867.46560453807,251.49129502333338,1025.642335709477,0.07597695279842884,2775.9624130633465,0.02736958989101956,1294.6905818275134,1335.2402415065444,30.225640992845285,-125715.76994387373,3060.0153825075313,39657.82282755689,1.4435621031701478,46996.10033713839,0.0034928743344135385
8,24,1492.8387304931152,286115.7965442299,415.8998155783769,1180591.5924936975,272.703084915631,1018.8564323041767,0.055503109446659114,2298.626511974949,0.02414620607458825,-36.61930847700319,-753.3893846293213,32.061830015441615,-916049.8763643978,1412.1534981786685,58912.18931983462,1.0545590794865232,50429.12965783521,-0.00281637486072955
8,25,1646.6176273462559,368090.2003678183,455.71404527252093,1805980.1551446465,278.1325399420844,1001.0199927375472,0.06206073423164514,2251.4146120083756,0.02756521784154356,-401.4633030475934,4900.881540531933,42.28707361676885,-1450066.265272491,1238.3951601742554,72199.44454999463,1.1791539504012578,64577.75573802371,-0.009028241521028262
8,26,1665.929039823318,150290.14232022958,350.867140128574,519940.9082819066,250.40734742151108,1026.2884947032123,0.06512878403632802,2565.460627758683,0.02538677979760221,318.4829258028701,-1392.221840596554,37.91736127091946,-376759.04260139866,1834.0510813865512,50616.80703471418,1.2374468966902326,48810.258509978004,6.799583622288732e-05
8,27,1038.7457983086026,156683.34314876125,445.18338103537656,1114049.2856489376,218.41987494186557,1044.811697760437,0.03585015361843729,2165.120049973117,0.016558044261278913,-158.78603513446637,-777.7170661925629,-15.726151176958012,-968234.4453704145,898.1388845861095,65639.58003172615,0.6811529187503086,34992.66328081266,0.002737998513566188
8,28,1065.5081517329938,127484.29373501425,408.5404293199828,812999.6436999022,214.93516217419412,1029.1588298434528,0.03763844436640191,2044.3571857625664,0.018410894450600804,-314.4649608148445,372.8716639843915,16.600420952334787,-692280.8751395664,783.7670224644027,76156.38921558218,0.7151304429616362,41981.20233778426,-0.0014640575084515044
8,29,981.3246699073591,82528.99293928254,297.01254279972807,222947.38418431522,232.78638559213096,1010.4169693027028,0.03431585876172087,1790.4868682614454,0.01916565788334511,142.03179681181382,896.4508827766986,45.70081045614762,-143521.9264413903,1032.1895440326934,49361.79880516014,0.6520013164726965,35140.54845567262,-0.0006313595139374115
8,30,1089.8613429041534,91842.01489325744,290.1159566923099,174314.1912115674,253.49422133998303,1004.9108307985771,0.038737029820240215,1823.8489043905752,0.02123916609922459,432.47980544262896,-334.54272150664474,32.400976471858314,-87637.76189394724,1398.8902508642077,41508.64248796867,0.7360035665845641,34247.40173730883,0.00012124435159540856
9,1,826.9515718881037,553021.4554189004,622.4917369556608,4832970.081640146,265.72967366015513,1036.1693227684545,0.022261702070634114,1806.9272690972266,0.012320198190243962,-151.0764074606518,3989.0341345085762,-109.04427781195398,-4301472.121995722,669.2443108807956,72333.17937999537,0.4229723393420482,29980.61023124428,0.0017463226556448386
9,2,1458.584406439339,420541.11306479404,482.8745516291892,2222339.8950231187,279.529289135358,1002.426236767548,0.05290452416707834,2082.3528510170463,0.0254061285248747,-100.65270093311506,-1640.0264204845298,-8.11305150465563,-1828166.147132229,1317.966735482536,64427.94128924023,1.0051859591744885,58705.66897529011,-0.008036649214693
9,3,1776.3706941303135,198750.8400815127,436.70418224346633,1187746.553751559,239.05595209570436,1004.7764242268172,0.06973783780186979,2442.520998305568,0.028551581685581622,-269.46552055164534,-116.33686984013184,-24.312324177542052,-1001793.3511040771,1487.9685966284846,70858.44076442064,1.325018918235526,71673.5065702598,-0.009556724417268823
9,4,1534.1538440593404,60268.2907567861,260.7978667891658,63904.10602509993,262.5907279508886,1006.2733725612843,0.05953910329466698,2253.5157915061827,0.02642053963814153,2687.9783643605424,-783.7125861628447,4.352389236812769,-8045.202124941941,3988.9466084252076,29113.857346967332,1.1312429625986726,35728.51639765946,0.00463791454757077
9,5,1992.6835497002096,150520.65687481698,356.80226218861435,576151.7527328077,248.47513208368326,1018.6362712126368,0.08042547773784604,2794.872266883289,0.028776083505072946,583.4490557715646,3077.189389991894,20.505619908549363,-429049.55716287805,2417.263039271306,49667.949119126075,1.5280840770190747,59715.165811422004,-0.0029703872125374474
9,6,826.7048242413707,31259.37581244033,231.1020961028633,42710.420659334006,219.26372456262726,1015.4940358855803,0.028299938705723966,1720.9391329702821,0.016444473929115223,1034.9352204835384,-194.29696378194785,10.945925394060225,-13153.139633744155,1672.519051760848,31745.598764453214,0.5376988354087553,23992.67339150898,0.0056308292171378775
9,7,532.3375842086839,82409.1047596182,287.2464863124052,178082.22794700405,240.83499479115162,1032.2689315990804,0.013123190013688049,1585.1531162645651,0.00827881538952718,394.7626593456845,814.8064122403157,17.189905747615114,-100075.505055031,747.8527500894616,34836.235338239865,0.24934061026007293,14642.06941292687,0.00799398884278242
9,8,1496.3304957646912,64223.08348461176,293.23872212919184,208425.22263357334,216.1147926058626,1033.8600884679347,0.05905757161923,2519.752317063947,0.023437847926277434,896.6313544729003,-205.9363368178747,12.34895631155257,-146810.32555945526,2270.503839371387,41284.92225192354,1.1220938607653699,41757.614292326325,0.002966408971615365
9,9,1508.0074884333271,539766.8109028735,633.322579248206,4985457.711668134,263.48985509537073,1039.3542356595779,0.05409837949547256,2475.5099465052294,0.021853428450911812,-318.63147132700055,-7009.447665679385,-105.88512107754218,-4481911.214878122,1200.3480603195994,73879.15758765288,1.0278692104139786,52621.26993027436,-0.0021186535436981124
9,10,986.5154743705098,279763.7739056493,480.59945186168073,1783487.5875001892,248.4450159435338,1003.5074034433609,0.03193940244367257,1673.8620833070602,0.01908126288431702,-244.54374724336014,-179.4551033632597,-35.801856691507226,-1513100.8296564086,710.3182351000017,76520.32966334623,0.6068486464297789,48338.436880093686,-0.00619383091369162
9,11,2047.604229035355,320904.68986178096,421.91016406643905,1284044.9763752508,281.9657809375644,1014.0546837106757,0.08107338495351342,2762.0145361770255,0.02935298996135232,296.28781954758347,-3561.1760419186903,12.985149756720944,-981449.5049713536,2252.60262157491,54092.34057061108,1.5403943141167549,63013.420867900626,-0.004517076664745219
9,12,2390.613907261599,178796.60667077466,334.42298946111896,382518.68036158633,285.44909577017825,1034.2610631786958,0.09798778679112502,3302.3663676094593,0.02967199150046369,2898.57912121724,-2414.5551061452134,21.093641267511373,-217509.61657049792,4932.518797399594,34332.46891026129,1.8617679490313754,50224.37068543238,0.007062241661476409
9,13,1309.353256842511,546613.7926624242,549.8692625910064,3618410.4697176623,280.4448072159483,1026.7957660285667,0.04513417807229679,2170.641221731603,0.02079301619283335,-239.28398512383433,-5824.785055064247,-26.84496923086556,-3102077.9948163307,1054.676109047158,70110.81881003444,0.857549383373639,47165.788709946006,-0.002797747964924952
9,14,1194.0574050578905,459252.6224912897,508.8728818087891,2683142.832414026,277.62402767195925,1004.972194558625,0.04029833609778563,1855.6886675419628,0.021716108312050335,-254.47764980177067,-3393.5458962806733,-14.765832315356477,-2252363.0913265427,918.4305847906544,72955.12774313183,0.765668385857927,52352.9638826319,-0.006639670243236334
9,15,1939.6798121022607,262249.49304165755,387.0439894794156,881529.6580768309,282.01326175109665,1043.4889262177921,0.07641168206779476,2963.122903533817,0.025787550687373203,1427.7001294301976,6625.070633872936,22.160484200131805,-622072.9948179767,3171.3655014575274,39151.50001262997,1.4518219592881005,45043.75135352201,0.0061832663881566
9,16,602.2761535523839,222383.0612406599,477.3895989128246,1555605.3006567648,231.90830100749267,1026.6598496663617,0.014578372076746473,1558.1659381985464,0.009356110103138996,-145.93478272407418,-2323.9183594764327,-37.3842871867887,-1348369.3403427033,435.3848708432778,72965.1133270044,0.276989069458183,22759.202014528026,0.0025403515366015043
9,17,1188.2713601476557,309059.2892037584,519.2605332120725,2282079.3764747055,247.0244478069744,1034.2602948145702,0.04099935648022175,2162.590077750137,0.018958450287016794,-227.52823786956935,-149.45700625906466,-44.8864771948314,-1991868.7853623468,973.2188947483905,69612.4235710847,0.7789877731242132,42689.201437958276,-0.0007801736140434952
9,18,1174.2947337279675,192434.97924199153,419.352784474072,1055541.4563850244,239.4668431917446,1020.3152062513537,0.041736344534191366,2037.8789531973646,0.020480286362793247,-151.75248483228143,1723.7923003996257,8.860554533644631,-872508.2083709802,952.3209941680491,66207.15132615968,0.7929905461496359,46124.75506181694,-0.0029860527047892473
9,19,705.5365900216603,112608.23540869684,331.29351137106227,390498.9076326635,234.56807762561084,1011.2804040096602,0.02095836024607476,1531.9712450180973,0.013680648585429016,70.40048409857843,1841.617021147802,27.713231346065356,-285390.66203140107,692.275515191378,51449.062872638686,0.3982088446754204,27964.65947985365,0.0006331814379650844
9,20,2014.9658593587656,63053.714932589966,282.4467651905696,164520.46504896463,225.8407526970068,1005.4125855494345,0.08310895261483355,2716.304907791016,0.03059632678807783,809.3231591250624,-966.0018582218545,24.928205923487212,-105788.11266113838,2723.0647985001324,45584.68955410773,1.5790700996818372,57812.64865971105,-0.0030336218874144304
9,21,864.1056193122807,162630.5116940939,393.2970145700841,809585.7454519437,235.22820040082144,1023.8645926964307,0.027660592749992337,1791.8577819641537,0.015436823741486916,-75.8833199274186,1986.7817858749186,12.054057468420297,-656352.034717182,754.6781106103995,60924.0968422055,0.5255512622498544,32919.15920981248,0.0005142081931967836
9,22,822.8557301765379,214044.44869862296,411.2242388955596,1038850.8426130429,248.4587336167077,1025.2087385353225,0.025057726797084158,1753.241921294909,0.01429222430329354,-52.61771491191439,1568.4695031956653,19.351571687950184,-836784.9022428049,743.6844970651323,58621.41742596947,0.47609680914459895,29777.354548162653,0.001541906684779359
9,23,852.4554893354019,231554.90583261108,422.4611623956454,1194179.137401014,249.91686974234256,1008.8533006937491,0.026265118393384506,1613.8353748051816,0.016274967573167223,-180.295749312745,4255.123408680753,18.512583482920036,-971376.472042507,671.4385915104473,69405.67361780233,0.4990372494743056,37488.24245004749,-0.002608212551826224
9,24,2304.7937751419126,275723.09467242635,378.4403531199935,804201.4635729868,293.26115402935704,1021.3357334903985,0.09319835299245474,3077.3243947530796,0.030285514634518357,778.5091373778678,4695.155843825196,32.795839749543916,-539565.303237637,2955.5671454001513,46354.46655260177,1.77076870685664,57955.86684666064,0.00013997279967894322
9,25,1574.693818949767,76830.15828508172,276.6743142321537,125313.50246887402,253.8037852648316,1034.5568515889606,0.06157091868249289,2576.9868895394648,0.023892600669573556,1972.0912352203266,-871.3542740890261,17.053205534697497,-55224.72901575906,3301.4793242737865,32052.657527588883,1.169847454967365,34627.98572040099,0.009389355168179743
9,26,2490.439069131718,690907.884309904,614.0115753958673,5494057.109530109,288.8841715716516,1034.6720774759995,0.09939731888420963,3334.667152444187,0.029807268413987013,-773.1295418165676,6969.927701672772,-39.36300353477293,-4847935.074328976,1741.022948616709,76993.72542279783,1.8885490587999831,73888.68941828507,-0.004605903070360812
9,27,1117.019399491959,95933.50456890794,300.90035657971094,235110.35681150827,243.93816123402493,1024.729056908289,0.04022703198722006,2051.831208827293,0.01960542943988628,521.337801065798,85.2748757070949,29.42531152630943,-143993.67729081493,1524.45714099513,41753.526561152,0.764313607757181,32919.182026105766,0.003782393921748419
9,28,1754.5388584611985,168215.19557797257,413.1750036334595,943226.8290611961,234.21762741594446,1018.3627327296126,0.06915238067557809,2566.674940807688,0.026942399123520113,-486.1270363703163,-1102.2448896036367,12.844560854191968,-783266.1693665241,1322.697877576958,73256.06184132592,1.3138952328359839,62836.87744028613,-0.006031771699579212
9,29,811.5766144368472,309681.3038214193,396.1551009769982,1017258.7696162567,287.00473432736635,1014.6511218370423,0.02332783149754583,1613.0678483213399,0.014461779473084312,2.4018952084411467,4521.417591358593,46.08437833486386,-718353.2175553562,732.7919958512387,52316.039230553746,0.4432287984533708,27680.86792708606,0.001457044305740788
9,30,722.5511766102521,120338.96323802997,380.6463144952844,636025.8973228993,218.7209927359261,1017.4952099840771,0.021764094114027334,1610.2339821213177,0.01351610657561417,-188.1208385413064,-123.11969939067785,22.40461717277151,-522237.2502900098,554.9728340984647,70135.09290886564,0.41351778816651935,30326.303050733986,0.00028163791577052837
10,1,1254.0817443915676,340909.68021628034,577.8745661667086,3128161.1712900526,241.81862659892232,1032.5144842999227,0.04360651995395884,2197.2752420784036,0.019845724886387656,-304.9813414276556,68.47449850232806,-112.06985601756287,-2804005.9336131304,955.4853204216563,78250.0802159878,0.828523879125218,50320.57992610106,-0.003109260580885856
10,2,636.3456682518199,288093.7947743374,402.2380893710597,1037083.4022089846,276.30274067175714,1015.9824508834777,0.015438047364362014,1468.5854561220165,0.010512188650654427,99.43410263326734,-2847.908138887491,18.79161973945503,-764756.3143053226,596.1752222099838,48762.98368057111,0.2933228999228783,22488.95941652865,0.0021479282457616735
10,3,1387.567951040894,680735.6264233169,591.3974128469383,4913065.6738435635,289.25016935548217,1016.5716053031375,0.048015467292991124,2126.0253988911973,0.022584616024828776,-326.3127189621855,11304.763850589516,-69.8243774735289,-4242894.672124955,1036.1171819377087,78085.54543902173,0.9122938785668313,57014.2094780371,-0.006397229981879877
10,4,1501.521091659337,39369.57084093524,243.25678403592974,62579.21097948544,225.59955308212415,1021.6017198259128,0.059524611643339234,2406.509431125913,0.024734834143363384,2159.3517515432327,97.56428186324047,13.065735217590372,-25190.954462320064,3367.85892476357,32307.45003425477,1.1309676212234454,37277.79576875649,0.005239006983568616
10,5,2020.6312947693516,212538.3136760022,357.59247798612694,582395.3143754844,280.13416236674544,1005.8035412186388,0.08059853663424241,2670.0061448712354,0.030186648367481334,1056.0028755027258,-2551.239922084089,22.973361596692655,-379271.2013276889,2918.050125687261,43847.800079565975,1.5313721960506057,57094.333606177956,-0.003346452970795534
10,6,525.1828993209018,82612.41090531467,277.47146731764826,101252.49612669091,267.24359825531155,1008.3084695383774,0.011958650650188609,1322.2577083875465,0.009044114906141725,478.55756172432416,-693.2563090975891,7.602292433310879,-22740.723554549346,735.1364395099806,30893.191936803407,0.22721436235358358,14804.881562378398,0.005795719831875976
10,7,1639.184634576902,110346.6342962427,354.4398954064204,478845.97461287613,225.51025635069976,1040.34189217281,0.06472248946137565,2697.8687109556126,0.023990229472082163,732.2803178977272,-3964.8434659609047,-5.489111777504263,-377396.09692587686,2217.30275024503,45519.90531831468,1.2297272997661375,46889.328077777165,0.002369912699202236
10,8,2376.7466306536594,610480.5489282908,568.6384285142362,4196026.021051323,289.431715872107,1013.518038041842,0.09456587267119645,3026.49783384235,0.0312459740145059,-522.1578277690503,3681.734980800422,-52.5702532242218,-3628369.629554842,1831.054584857945,78041.54060866045,1.7967515807527326,84976.40790602841,-0.0096503997430369
10,9,1833.850290134543,160373.79325627102,367.51860506024565,658260.2694828024,247.27113403722197,1010.2271849145718,0.07291330102283258,2560.537869602371,0.02847577530034945,194.25423870287136,2330.9599518734613,13.91395319539265,-498982.98773815774,1936.299375868227,56004.45356710801,1.385352719433819,61944.695309551644,-0.005982309761067447
10,10,966.0463380446658,242059.29399563046,448.998166222503,1441353.48858115,245.86755714177573,1015.2743575041255,0.031427983276704534,1781.3032405753456,0.017643252738120865,-141.5053547644742,5239.715918830421,-12.17955194784389,-1208431.8691556077,772.8504386929569,69657.43793352679,0.5971316822573862,42205.06960551099,-0.003345156161796264
10,11,1340.3674114167468,51034.151114897664,255.54329937177422,80784.79262521886,236.26939773270723,1016.7179530626436,0.05146378380877474,2196.455206801931,0.02343038166651562,1609.4345758161173,146.03193736298272,8.897324299416624,-32848.226654200844,2794.1162890474043,33595.40125274232,0.9778118923667202,35288.06845303157,0.0038934424408246793
10,12,1112.6010671346362,233047.5891136843,392.6200203356907,909443.4606364742,263.93715408845304,1014.1348500616293,0.03827841345941051,1906.9167698045037,0.02007345788003888,160.07430995687196,399.6645704501134,21.756943378635583,-691918.3466461097,1176.9048159709546,54107.78336118856,0.7272898557287997,41297.111600978424,-0.0020816067153799807
10,13,2100.414393558354,113959.02158932597,319.6824363239439,313410.7736694819,249.34264188615532,1033.2464626629514,0.08585425018756455,3049.5496303808045,0.028153091634335436,1681.54436390013,-2628.6295237197337,16.488848887156905,-207047.60544565614,3541.529125223047,39301.33664095844,1.6312307535637265,51231.62618755346,0.003440174129270064
10,14,2343.009280250246,402124.5651204976,525.3901778160996,2740974.0012631933,267.70393215820854,1017.6556643942131,0.09424549003623588,3061.466444666848,0.03078442692076992,-527.7141600879199,-2703.9113373360015,-29.178321838312968,-2364937.772109119,1814.4206412803221,77822.65323637163,1.7906643106884816,83989.01549239116,-0.008746646087236819
10,15,1298.881739463373,116599.5057796906,295.99429937181856,148098.46728128553,287.4135047901872,1031.400480799575,0.04724812038820418,2258.9672157598325,0.020915806151844338,2162.070450877942,1266.6915124378138,3.6768714830870977,-37246.49705279096,3120.861671676522,29369.183744691574,0.8977142873758794,28551.418955289064,0.009480718326167262
10,16,1078.063683722129,429106.8051876602,485.840366583111,2274256.893161927,279.0810969572168,1033.7772360700237,0.03507584544348894,2039.2892695700152,0.017200034329060483,14.832563919203494,-252.66761901514838,-0.735407573005034,-1864358.1347536803,1016.4916262206633,57948.7004687799,0.6664410634262898,35544.95542579889,0.0012757544288759179
10,17,1380.1316976537923,112434.72449653166,309.9991089988337,269705.3856900407,253.2073945818612,1014.5784361200442,0.05211076070079844,2187.999575216411,0.023816622860013244,827.3102006305908,-217.92970918741776,25.19661106520124,-163132.16763099912,2037.1485303229128,42017.68398027899,0.9901044533151704,41474.77853534693,-0.00010824249146674375
10,18,653.0973601375691,187040.26450877386,380.8438300760914,766485.7012744078,248.76263461994392,1001.5427351054739,0.017442203642021613,1364.2714238951714,0.0127849952264058,-55.270353002905836,-1245.6646182413097,38.03279854676521,-585159.2009855617,538.1485473423052,61254.62924494724,0.3314018691984107,30053.085748111083,-0.0017527183449843001
10,19,555.4853404989605,56801.63236819816,259.54992931490443,82713.3953028344,240.70875935788288,1003.380693282654,0.014522313253669369,1324.2531978999275,0.0109664173563633,388.2269756197255,-1022.1652140672741,17.420908459450516,-29823.35417327696,753.2187782779343,34642.444032476815,0.275923951819718,18478.228729484035,0.0036154001075564997
10,20,1046.3130175054832,223871.17190542785,384.96558517037846,836295.1726719848,264.4272648750552,1045.106885485813,0.035244175049595136,2155.952355850034,0.016347381218310503,536.4112723527626,2998.022624740872,24.730845776404067,-620747.9657580542,1423.0056022281763,41942.6406024411,0.6696393259423077,28759.288866686402,0.006373930976453397
10,21,1368.891221531398,157402.18062218928,346.3190005123726,482336.3258885796,256.6540833261033,1002.487118196624,0.051053995416616274,2045.9510902985655,0.02495367345715286,317.2010979490551,-3005.3078085436428,27.634158183581178,-335824.6796386579,1620.6947174454897,50252.177915467175,0.9700259129157092,48953.84450471766,-0.004478201363413061
10,22,1658.9041362304858,113099.59665607572,294.8674013931436,149979.26825952035,283.9641629937558,1029.1689775766806,0.064235311553121,2576.396006829226,0.024932235332943045,2513.266984030709,-829.5424572594202,6.3340421645471,-44918.8114224006,3905.0489976352164,30872.22107020088,1.220470919509299,36034.22128818527,0.008111219895807258
10,23,2062.2887296045633,664024.0087733101,600.107043271696,5030788.605289979,287.08994952837645,1040.8443431237258,0.07957660913582615,2999.9756139537812,0.026525751998013453,-363.50885915781123,-342.58423015475273,-34.13904815854005,-4389870.275834982,1726.1916815411737,70155.25618927657,1.5119555735806969,62432.358941811464,-0.002561104642976552
10,24,1030.4184274685165,248263.77183270102,401.50621020467736,1007045.543393811,265.4461582852174,1015.8781247638261,0.03427812472957446,1844.3437422297511,0.01858554018142699,0.23889114995358796,3590.1431922841,38.72209976354242,-769546.1843657081,971.7736653761145,58627.97162305968,0.6512843698619148,39440.02996019874,-0.0017854015763773892
10,25,2116.159557113835,223323.5681340871,437.0144528207261,1295644.8943307886,247.33807919225325,1035.2988199814674,0.08534446490595152,3059.8774979337045,0.027891464597384546,-177.01690749077216,1699.7328502377786,17.754265183086375,-1080123.7959818272,1907.8525092773898,63739.36393029085,1.6215448332130786,65372.32935490375,-0.003019771378413045
10,26,1738.1227268016553,106117.05233736594,304.0011462280812,241665.7110426476,255.10985269994686,1040.9362395840988,0.06886720481440536,2786.7064921290944,0.02471275859474873,1664.5960396972375,1478.5410055425891,24.124258132866373,-138184.7168035807,3150.3196723434694,36139.50338069173,1.3084768914737017,40522.38239510431,0.0067510805774291666
10,27,673.225268996517,117271.18009443792,376.8560748608635,612537.4121538692,218.1810270144174,1011.9717288041774,0.01951704879699272,1510.0582639816284,0.01292469917387914,-177.03431930672866,536.0111784414039,23.848952698534788,-500157.65772615524,509.3174159835123,73334.93400333414,0.37082392714286166,31114.294453660175,-0.0010852270498856401
10,28,697.5768223691855,172769.3557280174,329.75318774565915,362802.6480227996,279.63565229948745,1029.1098355435354,0.018999857777692232,1671.0955109891986,0.011369701882835733,357.2189031330529,3486.3425810822228,40.44236376927256,-193093.31575539865,851.4300016350348,39065.23378702172,0.36099729777615236,19565.59992871574,0.006321283499652967
10,29,1797.7017754231028,66664.3949190835,282.95136474383503,169118.66635273246,229.21329435548355,1044.4808397845698,0.07281367460093685,2901.0818898644343,0.025098800159804997,1635.8599837331553,132.84738369371917,30.557613533604354,-106162.02868439716,3227.8810008181267,37094.54691303816,1.3834598174178,42376.91723806446,0.006819565896351406
10,30,2247.069549800228,137695.08493534673,314.629081951512,270393.6057637368,276.14871223855766,1003.040514519526,0.09182201595349938,2866.8454642652478,0.032028938112655725,1345.6996458559843,-987.6013247582305,41.757498135774824,-139907.578939743,3394.9295993423857,42379.59559584777,1.7446183031164881,59553.190114420366,-0.002519585720749725
